"exposure_id","exposure_name","definition"
8045,"[jml] lower extremity surgery_sa(main)","{
  ""ExpressionLimit"": {""Type"": ""All""},
  ""CollapseSettings"": {
    ""CollapseType"": ""ERA"",
    ""EraPad"": 0
  },
  ""CensorWindow"": {
    ""StartDate"": null,
    ""EndDate"": null
  },
  ""ConceptSets"": [
    {
      ""expression"": {""items"": [{
        ""isExcluded"": false,
        ""concept"": {
          ""INVALID_REASON_CAPTION"": ""Valid"",
          ""CONCEPT_ID"": 4332593,
          ""STANDARD_CONCEPT"": ""S"",
          ""CONCEPT_CODE"": ""231249005"",
          ""VOCABULARY_ID"": ""SNOMED"",
          ""CONCEPT_NAME"": ""Spinal anesthesia"",
          ""DOMAIN_ID"": ""Procedure"",
          ""STANDARD_CONCEPT_CAPTION"": ""Standard"",
          ""CONCEPT_CLASS_ID"": ""Procedure"",
          ""INVALID_REASON"": ""V""
        },
        ""includeMapped"": false,
        ""includeDescendants"": true
      }]},
      ""name"": ""[jml] spinal anesthesia_only"",
      ""id"": 0
    },
    {
      ""expression"": {""items"": [{
        ""isExcluded"": false,
        ""concept"": {
          ""INVALID_REASON_CAPTION"": ""Valid"",
          ""CONCEPT_ID"": 4332593,
          ""STANDARD_CONCEPT"": ""S"",
          ""CONCEPT_CODE"": ""231249005"",
          ""VOCABULARY_ID"": ""SNOMED"",
          ""CONCEPT_NAME"": ""Spinal anesthesia"",
          ""DOMAIN_ID"": ""Procedure"",
          ""STANDARD_CONCEPT_CAPTION"": ""Standard"",
          ""CONCEPT_CLASS_ID"": ""Procedure"",
          ""INVALID_REASON"": ""V""
        },
        ""includeMapped"": false,
        ""includeDescendants"": true
      }]},
      ""name"": ""[jml] spinal anesthesia_only"",
      ""id"": 1
    },
    {
      ""expression"": {""items"": [
        {
          ""isExcluded"": false,
          ""concept"": {
            ""INVALID_REASON_CAPTION"": ""Valid"",
            ""CONCEPT_ID"": 4321258,
            ""STANDARD_CONCEPT"": ""S"",
            ""CONCEPT_CODE"": ""9874008"",
            ""VOCABULARY_ID"": ""SNOMED"",
            ""CONCEPT_NAME"": ""Arthrectomy of hip"",
            ""DOMAIN_ID"": ""Procedure"",
            ""STANDARD_CONCEPT_CAPTION"": ""Standard"",
            ""CONCEPT_CLASS_ID"": ""Procedure"",
            ""INVALID_REASON"": ""V""
          },
          ""includeMapped"": false,
          ""includeDescendants"": true
        },
        {
          ""isExcluded"": false,
          ""concept"": {
            ""INVALID_REASON_CAPTION"": ""Valid"",
            ""CONCEPT_ID"": 4197548,
            ""STANDARD_CONCEPT"": ""S"",
            ""CONCEPT_CODE"": ""51531004"",
            ""VOCABULARY_ID"": ""SNOMED"",
            ""CONCEPT_NAME"": ""Arthrectomy of knee"",
            ""DOMAIN_ID"": ""Procedure"",
            ""STANDARD_CONCEPT_CAPTION"": ""Standard"",
            ""CONCEPT_CLASS_ID"": ""Procedure"",
            ""INVALID_REASON"": ""V""
          },
          ""includeMapped"": false,
          ""includeDescendants"": true
        },
        {
          ""isExcluded"": false,
          ""concept"": {
            ""INVALID_REASON_CAPTION"": ""Valid"",
            ""CONCEPT_ID"": 4270051,
            ""STANDARD_CONCEPT"": ""S"",
            ""CONCEPT_CODE"": ""63513005"",
            ""VOCABULARY_ID"": ""SNOMED"",
            ""CONCEPT_NAME"": ""Arthrodesis of ankle"",
            ""DOMAIN_ID"": ""Procedure"",
            ""STANDARD_CONCEPT_CAPTION"": ""Standard"",
            ""CONCEPT_CLASS_ID"": ""Procedure"",
            ""INVALID_REASON"": ""V""
          },
          ""includeMapped"": false,
          ""includeDescendants"": true
        },
        {
          ""isExcluded"": false,
          ""concept"": {
            ""INVALID_REASON_CAPTION"": ""Valid"",
            ""CONCEPT_ID"": 4167075,
            ""STANDARD_CONCEPT"": ""S"",
            ""CONCEPT_CODE"": ""274056002"",
            ""VOCABULARY_ID"": ""SNOMED"",
            ""CONCEPT_NAME"": ""Arthrodesis of knee"",
            ""DOMAIN_ID"": ""Procedure"",
            ""STANDARD_CONCEPT_CAPTION"": ""Standard"",
            ""CONCEPT_CLASS_ID"": ""Procedure"",
            ""INVALID_REASON"": ""V""
          },
          ""includeMapped"": false,
          ""includeDescendants"": true
        },
        {
          ""isExcluded"": false,
          ""concept"": {
            ""INVALID_REASON_CAPTION"": ""Valid"",
            ""CONCEPT_ID"": 4132136,
            ""STANDARD_CONCEPT"": ""S"",
            ""CONCEPT_CODE"": ""26675009"",
            ""VOCABULARY_ID"": ""SNOMED"",
            ""CONCEPT_NAME"": ""Arthroplasty of ankle with implant"",
            ""DOMAIN_ID"": ""Procedure"",
            ""STANDARD_CONCEPT_CAPTION"": ""Standard"",
            ""CONCEPT_CLASS_ID"": ""Procedure"",
            ""INVALID_REASON"": ""V""
          },
          ""includeMapped"": false,
          ""includeDescendants"": true
        },
        {
          ""isExcluded"": false,
          ""concept"": {
            ""INVALID_REASON_CAPTION"": ""Valid"",
            ""CONCEPT_ID"": 4078547,
            ""STANDARD_CONCEPT"": ""S"",
            ""CONCEPT_CODE"": ""19063003"",
            ""VOCABULARY_ID"": ""SNOMED"",
            ""CONCEPT_NAME"": ""Arthroplasty of knee"",
            ""DOMAIN_ID"": ""Procedure"",
            ""STANDARD_CONCEPT_CAPTION"": ""Standard"",
            ""CONCEPT_CLASS_ID"": ""Procedure"",
            ""INVALID_REASON"": ""V""
          },
          ""includeMapped"": false,
          ""includeDescendants"": true
        },
        {
          ""isExcluded"": false,
          ""concept"": {
            ""INVALID_REASON_CAPTION"": ""Valid"",
            ""CONCEPT_ID"": 4301340,
            ""STANDARD_CONCEPT"": ""S"",
            ""CONCEPT_CODE"": ""387648001"",
            ""VOCABULARY_ID"": ""SNOMED"",
            ""CONCEPT_NAME"": ""Arthroplasty of the ankle"",
            ""DOMAIN_ID"": ""Procedure"",
            ""STANDARD_CONCEPT_CAPTION"": ""Standard"",
            ""CONCEPT_CLASS_ID"": ""Procedure"",
            ""INVALID_REASON"": ""V""
          },
          ""includeMapped"": false,
          ""includeDescendants"": true
        },
        {
          ""isExcluded"": false,
          ""concept"": {
            ""INVALID_REASON_CAPTION"": ""Valid"",
            ""CONCEPT_ID"": 4268018,
            ""STANDARD_CONCEPT"": ""S"",
            ""CONCEPT_CODE"": ""6188005"",
            ""VOCABULARY_ID"": ""SNOMED"",
            ""CONCEPT_NAME"": ""Arthrotomy of knee"",
            ""DOMAIN_ID"": ""Procedure"",
            ""STANDARD_CONCEPT_CAPTION"": ""Standard"",
            ""CONCEPT_CLASS_ID"": ""Procedure"",
            ""INVALID_REASON"": ""V""
          },
          ""includeMapped"": false,
          ""includeDescendants"": true
        },
        {
          ""isExcluded"": false,
          ""concept"": {
            ""INVALID_REASON_CAPTION"": ""Valid"",
            ""CONCEPT_ID"": 4012182,
            ""STANDARD_CONCEPT"": ""S"",
            ""CONCEPT_CODE"": ""112777008"",
            ""VOCABULARY_ID"": ""SNOMED"",
            ""CONCEPT_NAME"": ""Closed reduction of fracture of femur"",
            ""DOMAIN_ID"": ""Procedure"",
            ""STANDARD_CONCEPT_CAPTION"": ""Standard"",
            ""CONCEPT_CLASS_ID"": ""Procedure"",
            ""INVALID_REASON"": ""V""
          },
          ""includeMapped"": false,
          ""includeDescendants"": true
        },
        {
          ""isExcluded"": false,
          ""concept"": {
            ""INVALID_REASON_CAPTION"": ""Valid"",
            ""CONCEPT_ID"": 4330849,
            ""STANDARD_CONCEPT"": ""S"",
            ""CONCEPT_CODE"": ""22415008"",
            ""VOCABULARY_ID"": ""SNOMED"",
            ""CONCEPT_NAME"": ""Closed reduction of fracture of fibula"",
            ""DOMAIN_ID"": ""Procedure"",
            ""STANDARD_CONCEPT_CAPTION"": ""Standard"",
            ""CONCEPT_CLASS_ID"": ""Procedure"",
            ""INVALID_REASON"": ""V""
          },
          ""includeMapped"": false,
          ""includeDescendants"": true
        },
        {
          ""isExcluded"": false,
          ""concept"": {
            ""INVALID_REASON_CAPTION"": ""Valid"",
            ""CONCEPT_ID"": 4067547,
            ""STANDARD_CONCEPT"": ""S"",
            ""CONCEPT_CODE"": ""20278008"",
            ""VOCABULARY_ID"": ""SNOMED"",
            ""CONCEPT_NAME"": ""Closed reduction of fracture of tibia"",
            ""DOMAIN_ID"": ""Procedure"",
            ""STANDARD_CONCEPT_CAPTION"": ""Standard"",
            ""CONCEPT_CLASS_ID"": ""Procedure"",
            ""INVALID_REASON"": ""V""
          },
          ""includeMapped"": false,
          ""includeDescendants"": true
        },
        {
          ""isExcluded"": false,
          ""concept"": {
            ""INVALID_REASON_CAPTION"": ""Valid"",
            ""CONCEPT_ID"": 4003051,
            ""STANDARD_CONCEPT"": ""S"",
            ""CONCEPT_CODE"": ""119607002"",
            ""VOCABULARY_ID"": ""SNOMED"",
            ""CONCEPT_NAME"": ""Hip joint incision"",
            ""DOMAIN_ID"": ""Procedure"",
            ""STANDARD_CONCEPT_CAPTION"": ""Standard"",
            ""CONCEPT_CLASS_ID"": ""Procedure"",
            ""INVALID_REASON"": ""V""
          },
          ""includeMapped"": false,
          ""includeDescendants"": true
        },
        {
          ""isExcluded"": false,
          ""concept"": {
            ""INVALID_REASON_CAPTION"": ""Valid"",
            ""CONCEPT_ID"": 4294667,
            ""STANDARD_CONCEPT"": ""S"",
            ""CONCEPT_CODE"": ""75582008"",
            ""VOCABULARY_ID"": ""SNOMED"",
            ""CONCEPT_NAME"": ""Open reduction of dislocation of hip"",
            ""DOMAIN_ID"": ""Procedure"",
            ""STANDARD_CONCEPT_CAPTION"": ""Standard"",
            ""CONCEPT_CLASS_ID"": ""Procedure"",
            ""INVALID_REASON"": ""V""
          },
          ""includeMapped"": false,
          ""includeDescendants"": true
        },
        {
          ""isExcluded"": false,
          ""concept"": {
            ""INVALID_REASON_CAPTION"": ""Valid"",
            ""CONCEPT_ID"": 4136219,
            ""STANDARD_CONCEPT"": ""S"",
            ""CONCEPT_CODE"": ""31951004"",
            ""VOCABULARY_ID"": ""SNOMED"",
            ""CONCEPT_NAME"": ""Open reduction of dislocation of knee"",
            ""DOMAIN_ID"": ""Procedure"",
            ""STANDARD_CONCEPT_CAPTION"": ""Standard"",
            ""CONCEPT_CLASS_ID"": ""Procedure"",
            ""INVALID_REASON"": ""V""
          },
          ""includeMapped"": false,
          ""includeDescendants"": true
        },
        {
          ""isExcluded"": false,
          ""concept"": {
            ""INVALID_REASON_CAPTION"": ""Valid"",
            ""CONCEPT_ID"": 2104934,
            ""STANDARD_CONCEPT"": ""S"",
            ""CONCEPT_CODE"": ""27254"",
            ""VOCABULARY_ID"": ""CPT4"",
            ""CONCEPT_NAME"": ""Open treatment of hip dislocation, traumatic, with acetabular wall and femoral head fracture, with or without internal or external fixation"",
            ""DOMAIN_ID"": ""Procedure"",
            ""STANDARD_CONCEPT_CAPTION"": ""Standard"",
            ""CONCEPT_CLASS_ID"": ""CPT4"",
            ""INVALID_REASON"": ""V""
          },
          ""includeMapped"": false,
          ""includeDescendants"": true
        },
        {
          ""isExcluded"": false,
          ""concept"": {
            ""INVALID_REASON_CAPTION"": ""Valid"",
            ""CONCEPT_ID"": 4187965,
            ""STANDARD_CONCEPT"": ""S"",
            ""CONCEPT_CODE"": ""373196008"",
            ""VOCABULARY_ID"": ""SNOMED"",
            ""CONCEPT_NAME"": ""Operative procedure on bone of lower extremity"",
            ""DOMAIN_ID"": ""Procedure"",
            ""STANDARD_CONCEPT_CAPTION"": ""Standard"",
            ""CONCEPT_CLASS_ID"": ""Procedure"",
            ""INVALID_REASON"": ""V""
          },
          ""includeMapped"": false,
          ""includeDescendants"": true
        },
        {
          ""isExcluded"": false,
          ""concept"": {
            ""INVALID_REASON_CAPTION"": ""Valid"",
            ""CONCEPT_ID"": 4267745,
            ""STANDARD_CONCEPT"": ""S"",
            ""CONCEPT_CODE"": ""61661004"",
            ""VOCABULARY_ID"": ""SNOMED"",
            ""CONCEPT_NAME"": ""Operative procedure on foot"",
            ""DOMAIN_ID"": ""Procedure"",
            ""STANDARD_CONCEPT_CAPTION"": ""Standard"",
            ""CONCEPT_CLASS_ID"": ""Procedure"",
            ""INVALID_REASON"": ""V""
          },
          ""includeMapped"": false,
          ""includeDescendants"": true
        },
        {
          ""isExcluded"": false,
          ""concept"": {
            ""INVALID_REASON_CAPTION"": ""Valid"",
            ""CONCEPT_ID"": 4327115,
            ""STANDARD_CONCEPT"": ""S"",
            ""CONCEPT_CODE"": ""429772001"",
            ""VOCABULARY_ID"": ""SNOMED"",
            ""CONCEPT_NAME"": ""Operative procedure on hip"",
            ""DOMAIN_ID"": ""Procedure"",
            ""STANDARD_CONCEPT_CAPTION"": ""Standard"",
            ""CONCEPT_CLASS_ID"": ""Procedure"",
            ""INVALID_REASON"": ""V""
          },
          ""includeMapped"": false,
          ""includeDescendants"": true
        },
        {
          ""isExcluded"": false,
          ""concept"": {
            ""INVALID_REASON_CAPTION"": ""Valid"",
            ""CONCEPT_ID"": 4184453,
            ""STANDARD_CONCEPT"": ""S"",
            ""CONCEPT_CODE"": ""545001"",
            ""VOCABULARY_ID"": ""SNOMED"",
            ""CONCEPT_NAME"": ""Operative procedure on lower leg"",
            ""DOMAIN_ID"": ""Procedure"",
            ""STANDARD_CONCEPT_CAPTION"": ""Standard"",
            ""CONCEPT_CLASS_ID"": ""Procedure"",
            ""INVALID_REASON"": ""V""
          },
          ""includeMapped"": false,
          ""includeDescendants"": true
        },
        {
          ""isExcluded"": false,
          ""concept"": {
            ""INVALID_REASON_CAPTION"": ""Valid"",
            ""CONCEPT_ID"": 4297365,
            ""STANDARD_CONCEPT"": ""S"",
            ""CONCEPT_CODE"": ""386649003"",
            ""VOCABULARY_ID"": ""SNOMED"",
            ""CONCEPT_NAME"": ""Partial hip replacement by prosthesis"",
            ""DOMAIN_ID"": ""Procedure"",
            ""STANDARD_CONCEPT_CAPTION"": ""Standard"",
            ""CONCEPT_CLASS_ID"": ""Procedure"",
            ""INVALID_REASON"": ""V""
          },
          ""includeMapped"": false,
          ""includeDescendants"": true
        },
        {
          ""isExcluded"": false,
          ""concept"": {
            ""INVALID_REASON_CAPTION"": ""Valid"",
            ""CONCEPT_ID"": 4249586,
            ""STANDARD_CONCEPT"": ""S"",
            ""CONCEPT_CODE"": ""7306006"",
            ""VOCABULARY_ID"": ""SNOMED"",
            ""CONCEPT_NAME"": ""Partial ostectomy of tibia and fibula"",
            ""DOMAIN_ID"": ""Procedure"",
            ""STANDARD_CONCEPT_CAPTION"": ""Standard"",
            ""CONCEPT_CLASS_ID"": ""Procedure"",
            ""INVALID_REASON"": ""V""
          },
          ""includeMapped"": false,
          ""includeDescendants"": true
        },
        {
          ""isExcluded"": false,
          ""concept"": {
            ""INVALID_REASON_CAPTION"": ""Valid"",
            ""CONCEPT_ID"": 4134857,
            ""STANDARD_CONCEPT"": ""S"",
            ""CONCEPT_CODE"": ""398010007"",
            ""VOCABULARY_ID"": ""SNOMED"",
            ""CONCEPT_NAME"": ""Prosthetic arthroplasty of hip"",
            ""DOMAIN_ID"": ""Procedure"",
            ""STANDARD_CONCEPT_CAPTION"": ""Standard"",
            ""CONCEPT_CLASS_ID"": ""Procedure"",
            ""INVALID_REASON"": ""V""
          },
          ""includeMapped"": false,
          ""includeDescendants"": true
        },
        {
          ""isExcluded"": false,
          ""concept"": {
            ""INVALID_REASON_CAPTION"": ""Valid"",
            ""CONCEPT_ID"": 1242869,
            ""STANDARD_CONCEPT"": ""S"",
            ""CONCEPT_CODE"": ""1288025000"",
            ""VOCABULARY_ID"": ""SNOMED"",
            ""CONCEPT_NAME"": ""Prosthetic arthroplasty of joint"",
            ""DOMAIN_ID"": ""Procedure"",
            ""STANDARD_CONCEPT_CAPTION"": ""Standard"",
            ""CONCEPT_CLASS_ID"": ""Procedure"",
            ""INVALID_REASON"": ""V""
          },
          ""includeMapped"": false,
          ""includeDescendants"": true
        },
        {
          ""isExcluded"": false,
          ""concept"": {
            ""INVALID_REASON_CAPTION"": ""Valid"",
            ""CONCEPT_ID"": 4311039,
            ""STANDARD_CONCEPT"": ""S"",
            ""CONCEPT_CODE"": ""392238003"",
            ""VOCABULARY_ID"": ""SNOMED"",
            ""CONCEPT_NAME"": ""Prosthetic arthroplasty of knee joint"",
            ""DOMAIN_ID"": ""Procedure"",
            ""STANDARD_CONCEPT_CAPTION"": ""Standard"",
            ""CONCEPT_CLASS_ID"": ""Procedure"",
            ""INVALID_REASON"": ""V""
          },
          ""includeMapped"": false,
          ""includeDescendants"": true
        },
        {
          ""isExcluded"": true,
          ""concept"": {
            ""INVALID_REASON_CAPTION"": ""Valid"",
            ""CONCEPT_ID"": 4205526,
            ""STANDARD_CONCEPT"": ""S"",
            ""CONCEPT_CODE"": ""308681004"",
            ""VOCABULARY_ID"": ""SNOMED"",
            ""CONCEPT_NAME"": ""Prosthetic arthroplasty of shoulder"",
            ""DOMAIN_ID"": ""Procedure"",
            ""STANDARD_CONCEPT_CAPTION"": ""Standard"",
            ""CONCEPT_CLASS_ID"": ""Procedure"",
            ""INVALID_REASON"": ""V""
          },
          ""includeMapped"": false,
          ""includeDescendants"": true
        },
        {
          ""isExcluded"": false,
          ""concept"": {
            ""INVALID_REASON_CAPTION"": ""Valid"",
            ""CONCEPT_ID"": 40490972,
            ""STANDARD_CONCEPT"": ""S"",
            ""CONCEPT_CODE"": ""448649009"",
            ""VOCABULARY_ID"": ""SNOMED"",
            ""CONCEPT_NAME"": ""Prosthetic hemiarthroplasty of articulation of bone"",
            ""DOMAIN_ID"": ""Procedure"",
            ""STANDARD_CONCEPT_CAPTION"": ""Standard"",
            ""CONCEPT_CLASS_ID"": ""Procedure"",
            ""INVALID_REASON"": ""V""
          },
          ""includeMapped"": false,
          ""includeDescendants"": true
        },
        {
          ""isExcluded"": true,
          ""concept"": {
            ""INVALID_REASON_CAPTION"": ""Valid"",
            ""CONCEPT_ID"": 4034250,
            ""STANDARD_CONCEPT"": ""S"",
            ""CONCEPT_CODE"": ""239469004"",
            ""VOCABULARY_ID"": ""SNOMED"",
            ""CONCEPT_NAME"": ""Prosthetic hemiarthroplasty of the shoulder"",
            ""DOMAIN_ID"": ""Procedure"",
            ""STANDARD_CONCEPT_CAPTION"": ""Standard"",
            ""CONCEPT_CLASS_ID"": ""Procedure"",
            ""INVALID_REASON"": ""V""
          },
          ""includeMapped"": false,
          ""includeDescendants"": true
        },
        {
          ""isExcluded"": false,
          ""concept"": {
            ""INVALID_REASON_CAPTION"": ""Valid"",
            ""CONCEPT_ID"": 4165513,
            ""STANDARD_CONCEPT"": ""S"",
            ""CONCEPT_CODE"": ""47458005"",
            ""VOCABULARY_ID"": ""SNOMED"",
            ""CONCEPT_NAME"": ""Repair of hip"",
            ""DOMAIN_ID"": ""Procedure"",
            ""STANDARD_CONCEPT_CAPTION"": ""Standard"",
            ""CONCEPT_CLASS_ID"": ""Procedure"",
            ""INVALID_REASON"": ""V""
          },
          ""includeMapped"": false,
          ""includeDescendants"": true
        },
        {
          ""isExcluded"": false,
          ""concept"": {
            ""INVALID_REASON_CAPTION"": ""Valid"",
            ""CONCEPT_ID"": 4090926,
            ""STANDARD_CONCEPT"": ""S"",
            ""CONCEPT_CODE"": ""280460009"",
            ""VOCABULARY_ID"": ""SNOMED"",
            ""CONCEPT_NAME"": ""Revision of hip arthroplasty"",
            ""DOMAIN_ID"": ""Procedure"",
            ""STANDARD_CONCEPT_CAPTION"": ""Standard"",
            ""CONCEPT_CLASS_ID"": ""Procedure"",
            ""INVALID_REASON"": ""V""
          },
          ""includeMapped"": false,
          ""includeDescendants"": true
        },
        {
          ""isExcluded"": false,
          ""concept"": {
            ""INVALID_REASON_CAPTION"": ""Valid"",
            ""CONCEPT_ID"": 4090451,
            ""STANDARD_CONCEPT"": ""S"",
            ""CONCEPT_CODE"": ""280462001"",
            ""VOCABULARY_ID"": ""SNOMED"",
            ""CONCEPT_NAME"": ""Revision of knee arthroplasty"",
            ""DOMAIN_ID"": ""Procedure"",
            ""STANDARD_CONCEPT_CAPTION"": ""Standard"",
            ""CONCEPT_CLASS_ID"": ""Procedure"",
            ""INVALID_REASON"": ""V""
          },
          ""includeMapped"": false,
          ""includeDescendants"": true
        },
        {
          ""isExcluded"": false,
          ""concept"": {
            ""INVALID_REASON_CAPTION"": ""Valid"",
            ""CONCEPT_ID"": 4010119,
            ""STANDARD_CONCEPT"": ""S"",
            ""CONCEPT_CODE"": ""112727005"",
            ""VOCABULARY_ID"": ""SNOMED"",
            ""CONCEPT_NAME"": ""Revision of prosthetic replacement of hip joint"",
            ""DOMAIN_ID"": ""Procedure"",
            ""STANDARD_CONCEPT_CAPTION"": ""Standard"",
            ""CONCEPT_CLASS_ID"": ""Procedure"",
            ""INVALID_REASON"": ""V""
          },
          ""includeMapped"": false,
          ""includeDescendants"": true
        },
        {
          ""isExcluded"": false,
          ""concept"": {
            ""INVALID_REASON_CAPTION"": ""Valid"",
            ""CONCEPT_ID"": 4030028,
            ""STANDARD_CONCEPT"": ""S"",
            ""CONCEPT_CODE"": ""107784002"",
            ""VOCABULARY_ID"": ""SNOMED"",
            ""CONCEPT_NAME"": ""Surgical procedure on lower extremity"",
            ""DOMAIN_ID"": ""Procedure"",
            ""STANDARD_CONCEPT_CAPTION"": ""Standard"",
            ""CONCEPT_CLASS_ID"": ""Procedure"",
            ""INVALID_REASON"": ""V""
          },
          ""includeMapped"": false,
          ""includeDescendants"": true
        },
        {
          ""isExcluded"": false,
          ""concept"": {
            ""INVALID_REASON_CAPTION"": ""Valid"",
            ""CONCEPT_ID"": 43531648,
            ""STANDARD_CONCEPT"": ""S"",
            ""CONCEPT_CODE"": ""609588000"",
            ""VOCABULARY_ID"": ""SNOMED"",
            ""CONCEPT_NAME"": ""Total knee replacement"",
            ""DOMAIN_ID"": ""Procedure"",
            ""STANDARD_CONCEPT_CAPTION"": ""Standard"",
            ""CONCEPT_CLASS_ID"": ""Procedure"",
            ""INVALID_REASON"": ""V""
          },
          ""includeMapped"": false,
          ""includeDescendants"": true
        },
        {
          ""isExcluded"": false,
          ""concept"": {
            ""INVALID_REASON_CAPTION"": ""Valid"",
            ""CONCEPT_ID"": 4203771,
            ""STANDARD_CONCEPT"": ""S"",
            ""CONCEPT_CODE"": ""52734007"",
            ""VOCABULARY_ID"": ""SNOMED"",
            ""CONCEPT_NAME"": ""Total replacement of hip"",
            ""DOMAIN_ID"": ""Procedure"",
            ""STANDARD_CONCEPT_CAPTION"": ""Standard"",
            ""CONCEPT_CLASS_ID"": ""Procedure"",
            ""INVALID_REASON"": ""V""
          },
          ""includeMapped"": false,
          ""includeDescendants"": true
        }
      ]},
      ""name"": ""[jml] lower extremity surgery"",
      ""id"": 2
    },
    {
      ""expression"": {""items"": [
        {
          ""isExcluded"": false,
          ""concept"": {
            ""INVALID_REASON_CAPTION"": ""Valid"",
            ""CONCEPT_ID"": 4174669,
            ""STANDARD_CONCEPT"": ""S"",
            ""CONCEPT_CODE"": ""50697003"",
            ""VOCABULARY_ID"": ""SNOMED"",
            ""CONCEPT_NAME"": ""Administration of general anesthetic"",
            ""DOMAIN_ID"": ""Procedure"",
            ""STANDARD_CONCEPT_CAPTION"": ""Standard"",
            ""CONCEPT_CLASS_ID"": ""Procedure"",
            ""INVALID_REASON"": ""V""
          },
          ""includeMapped"": false,
          ""includeDescendants"": true
        },
        {
          ""isExcluded"": false,
          ""concept"": {
            ""INVALID_REASON_CAPTION"": ""Valid"",
            ""CONCEPT_ID"": 4145786,
            ""STANDARD_CONCEPT"": ""S"",
            ""CONCEPT_CODE"": ""266802007"",
            ""VOCABULARY_ID"": ""SNOMED"",
            ""CONCEPT_NAME"": ""Endotracheal anesthesia"",
            ""DOMAIN_ID"": ""Procedure"",
            ""STANDARD_CONCEPT_CAPTION"": ""Standard"",
            ""CONCEPT_CLASS_ID"": ""Procedure"",
            ""INVALID_REASON"": ""V""
          },
          ""includeMapped"": false,
          ""includeDescendants"": true
        },
        {
          ""isExcluded"": false,
          ""concept"": {
            ""INVALID_REASON_CAPTION"": ""Valid"",
            ""CONCEPT_ID"": 4082850,
            ""STANDARD_CONCEPT"": ""S"",
            ""CONCEPT_CODE"": ""241687005"",
            ""VOCABULARY_ID"": ""SNOMED"",
            ""CONCEPT_NAME"": ""Induction of general anesthesia"",
            ""DOMAIN_ID"": ""Procedure"",
            ""STANDARD_CONCEPT_CAPTION"": ""Standard"",
            ""CONCEPT_CLASS_ID"": ""Procedure"",
            ""INVALID_REASON"": ""V""
          },
          ""includeMapped"": false,
          ""includeDescendants"": true
        },
        {
          ""isExcluded"": false,
          ""concept"": {
            ""INVALID_REASON_CAPTION"": ""Valid"",
            ""CONCEPT_ID"": 4118897,
            ""STANDARD_CONCEPT"": ""S"",
            ""CONCEPT_CODE"": ""288185006"",
            ""VOCABULARY_ID"": ""SNOMED"",
            ""CONCEPT_NAME"": ""Inhalation general anesthesia"",
            ""DOMAIN_ID"": ""Procedure"",
            ""STANDARD_CONCEPT_CAPTION"": ""Standard"",
            ""CONCEPT_CLASS_ID"": ""Procedure"",
            ""INVALID_REASON"": ""V""
          },
          ""includeMapped"": false,
          ""includeDescendants"": true
        },
        {
          ""isExcluded"": false,
          ""concept"": {
            ""INVALID_REASON_CAPTION"": ""Valid"",
            ""CONCEPT_ID"": 4082996,
            ""STANDARD_CONCEPT"": ""S"",
            ""CONCEPT_CODE"": ""241688000"",
            ""VOCABULARY_ID"": ""SNOMED"",
            ""CONCEPT_NAME"": ""Intravenous induction of general anesthesia"",
            ""DOMAIN_ID"": ""Procedure"",
            ""STANDARD_CONCEPT_CAPTION"": ""Standard"",
            ""CONCEPT_CLASS_ID"": ""Procedure"",
            ""INVALID_REASON"": ""V""
          },
          ""includeMapped"": false,
          ""includeDescendants"": true
        },
        {
          ""isExcluded"": false,
          ""concept"": {
            ""INVALID_REASON_CAPTION"": ""Valid"",
            ""CONCEPT_ID"": 4086417,
            ""STANDARD_CONCEPT"": ""S"",
            ""CONCEPT_CODE"": ""241695009"",
            ""VOCABULARY_ID"": ""SNOMED"",
            ""CONCEPT_NAME"": ""Maintenance of general anesthesia"",
            ""DOMAIN_ID"": ""Procedure"",
            ""STANDARD_CONCEPT_CAPTION"": ""Standard"",
            ""CONCEPT_CLASS_ID"": ""Procedure"",
            ""INVALID_REASON"": ""V""
          },
          ""includeMapped"": false,
          ""includeDescendants"": true
        },
        {
          ""isExcluded"": false,
          ""concept"": {
            ""INVALID_REASON_CAPTION"": ""Valid"",
            ""CONCEPT_ID"": 4332593,
            ""STANDARD_CONCEPT"": ""S"",
            ""CONCEPT_CODE"": ""231249005"",
            ""VOCABULARY_ID"": ""SNOMED"",
            ""CONCEPT_NAME"": ""Spinal anesthesia"",
            ""DOMAIN_ID"": ""Procedure"",
            ""STANDARD_CONCEPT_CAPTION"": ""Standard"",
            ""CONCEPT_CLASS_ID"": ""Procedure"",
            ""INVALID_REASON"": ""V""
          },
          ""includeMapped"": false,
          ""includeDescendants"": true
        }
      ]},
      ""name"": ""[jm] gea_total"",
      ""id"": 3
    }
  ],
  ""EndStrategy"": {""DateOffset"": {
    ""DateField"": ""StartDate"",
    ""Offset"": 60
  }},
  ""cdmVersionRange"": "">=5.0.0"",
  ""CensoringCriteria"": [{""ProcedureOccurrence"": {
    ""ProcedureType"": null,
    ""CorrelatedCriteria"": null,
    ""CodesetId"": 3,
    ""ProcedureSourceConcept"": null,
    ""Quantity"": null,
    ""ProviderSpecialty"": null,
    ""Gender"": null,
    ""ProcedureTypeExclude"": false,
    ""VisitType"": null,
    ""First"": null,
    ""OccurrenceStartDate"": null,
    ""Modifier"": null,
    ""Age"": null
  }}],
  ""QualifiedLimit"": {""Type"": ""First""},
  ""InclusionRules"": [
    {
      ""expression"": {
        ""CriteriaList"": [],
        ""Type"": ""ALL"",
        ""DemographicCriteriaList"": [{
          ""Ethnicity"": null,
          ""OccurrenceEndDate"": null,
          ""Race"": null,
          ""Gender"": null,
          ""OccurrenceStartDate"": null,
          ""Age"": {
            ""Op"": ""gt"",
            ""Extent"": null,
            ""Value"": 49
          }
        }],
        ""Groups"": [],
        ""Count"": null
      },
      ""name"": ""age again above or equal to 50"",
      ""description"": null
    },
    {
      ""expression"": {
        ""CriteriaList"": [{
          ""RestrictVisit"": false,
          ""StartWindow"": {
            ""UseEventEnd"": false,
            ""Start"": {
              ""Days"": 60,
              ""Coeff"": -1
            },
            ""End"": {
              ""Days"": 1,
              ""Coeff"": -1
            },
            ""UseIndexEnd"": false
          },
          ""IgnoreObservationPeriod"": false,
          ""EndWindow"": null,
          ""Criteria"": {""ProcedureOccurrence"": {
            ""ProcedureType"": null,
            ""CorrelatedCriteria"": null,
            ""CodesetId"": 3,
            ""ProcedureSourceConcept"": null,
            ""Quantity"": null,
            ""ProviderSpecialty"": null,
            ""Gender"": null,
            ""ProcedureTypeExclude"": false,
            ""VisitType"": null,
            ""First"": null,
            ""OccurrenceStartDate"": null,
            ""Modifier"": null,
            ""Age"": {
              ""Op"": ""gt"",
              ""Extent"": null,
              ""Value"": 48
            }
          }},
          ""Occurrence"": {
            ""Type"": 0,
            ""IsDistinct"": false,
            ""Count"": 0
          }
        }],
        ""Type"": ""ALL"",
        ""DemographicCriteriaList"": [],
        ""Groups"": [],
        ""Count"": null
      },
      ""name"": ""no operation in 60 days"",
      ""description"": null
    }
  ],
  ""PrimaryCriteria"": {
    ""CriteriaList"": [{""ProcedureOccurrence"": {
      ""ProcedureType"": null,
      ""CorrelatedCriteria"": {
        ""CriteriaList"": [{
          ""RestrictVisit"": false,
          ""StartWindow"": {
            ""UseEventEnd"": false,
            ""Start"": {
              ""Days"": 0,
              ""Coeff"": -1
            },
            ""End"": {
              ""Days"": 0,
              ""Coeff"": 1
            },
            ""UseIndexEnd"": false
          },
          ""IgnoreObservationPeriod"": false,
          ""EndWindow"": null,
          ""Criteria"": {""ProcedureOccurrence"": {
            ""ProcedureType"": null,
            ""CorrelatedCriteria"": null,
            ""CodesetId"": 2,
            ""ProcedureSourceConcept"": null,
            ""Quantity"": null,
            ""ProviderSpecialty"": null,
            ""Gender"": null,
            ""ProcedureTypeExclude"": false,
            ""VisitType"": null,
            ""First"": null,
            ""OccurrenceStartDate"": null,
            ""Modifier"": null,
            ""Age"": {
              ""Op"": ""gt"",
              ""Extent"": null,
              ""Value"": 49
            }
          }},
          ""Occurrence"": {
            ""Type"": 2,
            ""IsDistinct"": false,
            ""Count"": 1
          }
        }],
        ""Type"": ""ALL"",
        ""DemographicCriteriaList"": [],
        ""Groups"": [],
        ""Count"": null
      },
      ""CodesetId"": 0,
      ""ProcedureSourceConcept"": null,
      ""Quantity"": null,
      ""ProviderSpecialty"": null,
      ""Gender"": null,
      ""ProcedureTypeExclude"": false,
      ""VisitType"": null,
      ""First"": null,
      ""OccurrenceStartDate"": null,
      ""Modifier"": null,
      ""Age"": {
        ""Op"": ""gt"",
        ""Extent"": null,
        ""Value"": 49
      }
    }}],
    ""PrimaryCriteriaLimit"": {""Type"": ""First""},
    ""ObservationWindow"": {
      ""PostDays"": 0,
      ""PriorDays"": 1
    }
  }
}"
8000,"[jml] tjr_sa","{
  ""ExpressionLimit"": {""Type"": ""All""},
  ""CollapseSettings"": {
    ""CollapseType"": ""ERA"",
    ""EraPad"": 0
  },
  ""CensorWindow"": {
    ""StartDate"": null,
    ""EndDate"": null
  },
  ""ConceptSets"": [
    {
      ""expression"": {""items"": [
        {
          ""isExcluded"": false,
          ""concept"": {
            ""INVALID_REASON_CAPTION"": ""Valid"",
            ""CONCEPT_ID"": 4145786,
            ""STANDARD_CONCEPT"": ""S"",
            ""CONCEPT_CODE"": ""266802007"",
            ""VOCABULARY_ID"": ""SNOMED"",
            ""CONCEPT_NAME"": ""Endotracheal anesthesia"",
            ""DOMAIN_ID"": ""Procedure"",
            ""STANDARD_CONCEPT_CAPTION"": ""Standard"",
            ""CONCEPT_CLASS_ID"": ""Procedure"",
            ""INVALID_REASON"": ""V""
          },
          ""includeMapped"": false,
          ""includeDescendants"": true
        },
        {
          ""isExcluded"": true,
          ""concept"": {
            ""INVALID_REASON_CAPTION"": ""Valid"",
            ""CONCEPT_ID"": 4078199,
            ""STANDARD_CONCEPT"": ""S"",
            ""CONCEPT_CODE"": ""18946005"",
            ""VOCABULARY_ID"": ""SNOMED"",
            ""CONCEPT_NAME"": ""Epidural anesthesia"",
            ""DOMAIN_ID"": ""Procedure"",
            ""STANDARD_CONCEPT_CAPTION"": ""Standard"",
            ""CONCEPT_CLASS_ID"": ""Procedure"",
            ""INVALID_REASON"": ""V""
          },
          ""includeMapped"": false,
          ""includeDescendants"": true
        },
        {
          ""isExcluded"": false,
          ""concept"": {
            ""INVALID_REASON_CAPTION"": ""Valid"",
            ""CONCEPT_ID"": 37587873,
            ""STANDARD_CONCEPT"": ""C"",
            ""CONCEPT_CODE"": ""10018061"",
            ""VOCABULARY_ID"": ""MedDRA"",
            ""CONCEPT_NAME"": ""General anesthesia"",
            ""DOMAIN_ID"": ""Procedure"",
            ""STANDARD_CONCEPT_CAPTION"": ""Classification"",
            ""CONCEPT_CLASS_ID"": ""LLT"",
            ""INVALID_REASON"": ""V""
          },
          ""includeMapped"": false,
          ""includeDescendants"": true
        },
        {
          ""isExcluded"": false,
          ""concept"": {
            ""INVALID_REASON_CAPTION"": ""Valid"",
            ""CONCEPT_ID"": 4082850,
            ""STANDARD_CONCEPT"": ""S"",
            ""CONCEPT_CODE"": ""241687005"",
            ""VOCABULARY_ID"": ""SNOMED"",
            ""CONCEPT_NAME"": ""Induction of general anesthesia"",
            ""DOMAIN_ID"": ""Procedure"",
            ""STANDARD_CONCEPT_CAPTION"": ""Standard"",
            ""CONCEPT_CLASS_ID"": ""Procedure"",
            ""INVALID_REASON"": ""V""
          },
          ""includeMapped"": false,
          ""includeDescendants"": true
        },
        {
          ""isExcluded"": false,
          ""concept"": {
            ""INVALID_REASON_CAPTION"": ""Valid"",
            ""CONCEPT_ID"": 4118897,
            ""STANDARD_CONCEPT"": ""S"",
            ""CONCEPT_CODE"": ""288185006"",
            ""VOCABULARY_ID"": ""SNOMED"",
            ""CONCEPT_NAME"": ""Inhalation general anesthesia"",
            ""DOMAIN_ID"": ""Procedure"",
            ""STANDARD_CONCEPT_CAPTION"": ""Standard"",
            ""CONCEPT_CLASS_ID"": ""Procedure"",
            ""INVALID_REASON"": ""V""
          },
          ""includeMapped"": false,
          ""includeDescendants"": true
        },
        {
          ""isExcluded"": false,
          ""concept"": {
            ""INVALID_REASON_CAPTION"": ""Valid"",
            ""CONCEPT_ID"": 4082996,
            ""STANDARD_CONCEPT"": ""S"",
            ""CONCEPT_CODE"": ""241688000"",
            ""VOCABULARY_ID"": ""SNOMED"",
            ""CONCEPT_NAME"": ""Intravenous induction of general anesthesia"",
            ""DOMAIN_ID"": ""Procedure"",
            ""STANDARD_CONCEPT_CAPTION"": ""Standard"",
            ""CONCEPT_CLASS_ID"": ""Procedure"",
            ""INVALID_REASON"": ""V""
          },
          ""includeMapped"": false,
          ""includeDescendants"": true
        },
        {
          ""isExcluded"": false,
          ""concept"": {
            ""INVALID_REASON_CAPTION"": ""Valid"",
            ""CONCEPT_ID"": 4086417,
            ""STANDARD_CONCEPT"": ""S"",
            ""CONCEPT_CODE"": ""241695009"",
            ""VOCABULARY_ID"": ""SNOMED"",
            ""CONCEPT_NAME"": ""Maintenance of general anesthesia"",
            ""DOMAIN_ID"": ""Procedure"",
            ""STANDARD_CONCEPT_CAPTION"": ""Standard"",
            ""CONCEPT_CLASS_ID"": ""Procedure"",
            ""INVALID_REASON"": ""V""
          },
          ""includeMapped"": false,
          ""includeDescendants"": true
        },
        {
          ""isExcluded"": true,
          ""concept"": {
            ""INVALID_REASON_CAPTION"": ""Valid"",
            ""CONCEPT_ID"": 4332593,
            ""STANDARD_CONCEPT"": ""S"",
            ""CONCEPT_CODE"": ""231249005"",
            ""VOCABULARY_ID"": ""SNOMED"",
            ""CONCEPT_NAME"": ""Spinal anesthesia"",
            ""DOMAIN_ID"": ""Procedure"",
            ""STANDARD_CONCEPT_CAPTION"": ""Standard"",
            ""CONCEPT_CLASS_ID"": ""Procedure"",
            ""INVALID_REASON"": ""V""
          },
          ""includeMapped"": false,
          ""includeDescendants"": true
        }
      ]},
      ""name"": ""[jm] general anesthesia_only"",
      ""id"": 1
    },
    {
      ""expression"": {""items"": [
        {
          ""isExcluded"": false,
          ""concept"": {
            ""INVALID_REASON_CAPTION"": ""Valid"",
            ""CONCEPT_ID"": 75053,
            ""STANDARD_CONCEPT"": ""S"",
            ""CONCEPT_CODE"": ""125605004"",
            ""VOCABULARY_ID"": ""SNOMED"",
            ""CONCEPT_NAME"": ""Fracture of bone"",
            ""DOMAIN_ID"": ""Condition"",
            ""STANDARD_CONCEPT_CAPTION"": ""Standard"",
            ""CONCEPT_CLASS_ID"": ""Disorder"",
            ""INVALID_REASON"": ""V""
          },
          ""includeMapped"": false,
          ""includeDescendants"": true
        },
        {
          ""isExcluded"": true,
          ""concept"": {
            ""INVALID_REASON_CAPTION"": ""Valid"",
            ""CONCEPT_ID"": 442560,
            ""STANDARD_CONCEPT"": ""S"",
            ""CONCEPT_CODE"": ""71620000"",
            ""VOCABULARY_ID"": ""SNOMED"",
            ""CONCEPT_NAME"": ""Fracture of femur"",
            ""DOMAIN_ID"": ""Condition"",
            ""STANDARD_CONCEPT_CAPTION"": ""Standard"",
            ""CONCEPT_CLASS_ID"": ""Disorder"",
            ""INVALID_REASON"": ""V""
          },
          ""includeMapped"": false,
          ""includeDescendants"": true
        }
      ]},
      ""name"": ""[jml] multi-trauma_hip fracture_exclusion criteria"",
      ""id"": 2
    },
    {
      ""expression"": {""items"": [
        {
          ""isExcluded"": false,
          ""concept"": {
            ""INVALID_REASON_CAPTION"": ""Valid"",
            ""CONCEPT_ID"": 4106045,
            ""STANDARD_CONCEPT"": ""S"",
            ""CONCEPT_CODE"": ""281797006"",
            ""VOCABULARY_ID"": ""SNOMED"",
            ""CONCEPT_NAME"": ""Closed reduction and fixation of fracture"",
            ""DOMAIN_ID"": ""Procedure"",
            ""STANDARD_CONCEPT_CAPTION"": ""Standard"",
            ""CONCEPT_CLASS_ID"": ""Procedure"",
            ""INVALID_REASON"": ""V""
          },
          ""includeMapped"": false,
          ""includeDescendants"": true
        },
        {
          ""isExcluded"": false,
          ""concept"": {
            ""INVALID_REASON_CAPTION"": ""Valid"",
            ""CONCEPT_ID"": 4188615,
            ""STANDARD_CONCEPT"": ""S"",
            ""CONCEPT_CODE"": ""47264000"",
            ""VOCABULARY_ID"": ""SNOMED"",
            ""CONCEPT_NAME"": ""Closed reduction of fracture with internal fixation"",
            ""DOMAIN_ID"": ""Procedure"",
            ""STANDARD_CONCEPT_CAPTION"": ""Standard"",
            ""CONCEPT_CLASS_ID"": ""Procedure"",
            ""INVALID_REASON"": ""V""
          },
          ""includeMapped"": false,
          ""includeDescendants"": true
        },
        {
          ""isExcluded"": false,
          ""concept"": {
            ""INVALID_REASON_CAPTION"": ""Valid"",
            ""CONCEPT_ID"": 442560,
            ""STANDARD_CONCEPT"": ""S"",
            ""CONCEPT_CODE"": ""71620000"",
            ""VOCABULARY_ID"": ""SNOMED"",
            ""CONCEPT_NAME"": ""Fracture of femur"",
            ""DOMAIN_ID"": ""Condition"",
            ""STANDARD_CONCEPT_CAPTION"": ""Standard"",
            ""CONCEPT_CLASS_ID"": ""Disorder"",
            ""INVALID_REASON"": ""V""
          },
          ""includeMapped"": false,
          ""includeDescendants"": true
        },
        {
          ""isExcluded"": false,
          ""concept"": {
            ""INVALID_REASON_CAPTION"": ""Valid"",
            ""CONCEPT_ID"": 4343794,
            ""STANDARD_CONCEPT"": ""S"",
            ""CONCEPT_CODE"": ""239293007"",
            ""VOCABULARY_ID"": ""SNOMED"",
            ""CONCEPT_NAME"": ""Internal fixation of fracture"",
            ""DOMAIN_ID"": ""Procedure"",
            ""STANDARD_CONCEPT_CAPTION"": ""Standard"",
            ""CONCEPT_CLASS_ID"": ""Procedure"",
            ""INVALID_REASON"": ""V""
          },
          ""includeMapped"": false,
          ""includeDescendants"": true
        },
        {
          ""isExcluded"": false,
          ""concept"": {
            ""INVALID_REASON_CAPTION"": ""Valid"",
            ""CONCEPT_ID"": 4045714,
            ""STANDARD_CONCEPT"": ""S"",
            ""CONCEPT_CODE"": ""133860004"",
            ""VOCABULARY_ID"": ""SNOMED"",
            ""CONCEPT_NAME"": ""Open reduction"",
            ""DOMAIN_ID"": ""Procedure"",
            ""STANDARD_CONCEPT_CAPTION"": ""Standard"",
            ""CONCEPT_CLASS_ID"": ""Procedure"",
            ""INVALID_REASON"": ""V""
          },
          ""includeMapped"": false,
          ""includeDescendants"": true
        },
        {
          ""isExcluded"": false,
          ""concept"": {
            ""INVALID_REASON_CAPTION"": ""Valid"",
            ""CONCEPT_ID"": 4313570,
            ""STANDARD_CONCEPT"": ""S"",
            ""CONCEPT_CODE"": ""86480004"",
            ""VOCABULARY_ID"": ""SNOMED"",
            ""CONCEPT_NAME"": ""Open reduction of fracture"",
            ""DOMAIN_ID"": ""Procedure"",
            ""STANDARD_CONCEPT_CAPTION"": ""Standard"",
            ""CONCEPT_CLASS_ID"": ""Procedure"",
            ""INVALID_REASON"": ""V""
          },
          ""includeMapped"": false,
          ""includeDescendants"": true
        },
        {
          ""isExcluded"": false,
          ""concept"": {
            ""INVALID_REASON_CAPTION"": ""Valid"",
            ""CONCEPT_ID"": 4038683,
            ""STANDARD_CONCEPT"": ""S"",
            ""CONCEPT_CODE"": ""118468006"",
            ""VOCABULARY_ID"": ""SNOMED"",
            ""CONCEPT_NAME"": ""Open reduction of fracture with fixation"",
            ""DOMAIN_ID"": ""Procedure"",
            ""STANDARD_CONCEPT_CAPTION"": ""Standard"",
            ""CONCEPT_CLASS_ID"": ""Procedure"",
            ""INVALID_REASON"": ""V""
          },
          ""includeMapped"": false,
          ""includeDescendants"": true
        },
        {
          ""isExcluded"": false,
          ""concept"": {
            ""INVALID_REASON_CAPTION"": ""Valid"",
            ""CONCEPT_ID"": 4071354,
            ""STANDARD_CONCEPT"": ""S"",
            ""CONCEPT_CODE"": ""20701002"",
            ""VOCABULARY_ID"": ""SNOMED"",
            ""CONCEPT_NAME"": ""Open reduction of fracture with internal fixation"",
            ""DOMAIN_ID"": ""Procedure"",
            ""STANDARD_CONCEPT_CAPTION"": ""Standard"",
            ""CONCEPT_CLASS_ID"": ""Procedure"",
            ""INVALID_REASON"": ""V""
          },
          ""includeMapped"": false,
          ""includeDescendants"": true
        },
        {
          ""isExcluded"": false,
          ""concept"": {
            ""INVALID_REASON_CAPTION"": ""Valid"",
            ""CONCEPT_ID"": 4046289,
            ""STANDARD_CONCEPT"": ""S"",
            ""CONCEPT_CODE"": ""133863002"",
            ""VOCABULARY_ID"": ""SNOMED"",
            ""CONCEPT_NAME"": ""Open reduction with internal fixation"",
            ""DOMAIN_ID"": ""Procedure"",
            ""STANDARD_CONCEPT_CAPTION"": ""Standard"",
            ""CONCEPT_CLASS_ID"": ""Procedure"",
            ""INVALID_REASON"": ""V""
          },
          ""includeMapped"": false,
          ""includeDescendants"": true
        },
        {
          ""isExcluded"": false,
          ""concept"": {
            ""INVALID_REASON_CAPTION"": ""Valid"",
            ""CONCEPT_ID"": 4149433,
            ""STANDARD_CONCEPT"": ""S"",
            ""CONCEPT_CODE"": ""31031000"",
            ""VOCABULARY_ID"": ""SNOMED"",
            ""CONCEPT_NAME"": ""Orthopedic internal fixation system"",
            ""DOMAIN_ID"": ""Device"",
            ""STANDARD_CONCEPT_CAPTION"": ""Standard"",
            ""CONCEPT_CLASS_ID"": ""Physical Object"",
            ""INVALID_REASON"": ""V""
          },
          ""includeMapped"": false,
          ""includeDescendants"": true
        },
        {
          ""isExcluded"": false,
          ""concept"": {
            ""INVALID_REASON_CAPTION"": ""Valid"",
            ""CONCEPT_ID"": 4297365,
            ""STANDARD_CONCEPT"": ""S"",
            ""CONCEPT_CODE"": ""386649003"",
            ""VOCABULARY_ID"": ""SNOMED"",
            ""CONCEPT_NAME"": ""Partial hip replacement by prosthesis"",
            ""DOMAIN_ID"": ""Procedure"",
            ""STANDARD_CONCEPT_CAPTION"": ""Standard"",
            ""CONCEPT_CLASS_ID"": ""Procedure"",
            ""INVALID_REASON"": ""V""
          },
          ""includeMapped"": false,
          ""includeDescendants"": true
        },
        {
          ""isExcluded"": false,
          ""concept"": {
            ""INVALID_REASON_CAPTION"": ""Valid"",
            ""CONCEPT_ID"": 4134857,
            ""STANDARD_CONCEPT"": ""S"",
            ""CONCEPT_CODE"": ""398010007"",
            ""VOCABULARY_ID"": ""SNOMED"",
            ""CONCEPT_NAME"": ""Prosthetic arthroplasty of hip"",
            ""DOMAIN_ID"": ""Procedure"",
            ""STANDARD_CONCEPT_CAPTION"": ""Standard"",
            ""CONCEPT_CLASS_ID"": ""Procedure"",
            ""INVALID_REASON"": ""V""
          },
          ""includeMapped"": false,
          ""includeDescendants"": true
        },
        {
          ""isExcluded"": true,
          ""concept"": {
            ""INVALID_REASON_CAPTION"": ""Valid"",
            ""CONCEPT_ID"": 4090926,
            ""STANDARD_CONCEPT"": ""S"",
            ""CONCEPT_CODE"": ""280460009"",
            ""VOCABULARY_ID"": ""SNOMED"",
            ""CONCEPT_NAME"": ""Revision of hip arthroplasty"",
            ""DOMAIN_ID"": ""Procedure"",
            ""STANDARD_CONCEPT_CAPTION"": ""Standard"",
            ""CONCEPT_CLASS_ID"": ""Procedure"",
            ""INVALID_REASON"": ""V""
          },
          ""includeMapped"": false,
          ""includeDescendants"": true
        },
        {
          ""isExcluded"": true,
          ""concept"": {
            ""INVALID_REASON_CAPTION"": ""Valid"",
            ""CONCEPT_ID"": 4266062,
            ""STANDARD_CONCEPT"": ""S"",
            ""CONCEPT_CODE"": ""62402000"",
            ""VOCABULARY_ID"": ""SNOMED"",
            ""CONCEPT_NAME"": ""Revision of total hip replacement"",
            ""DOMAIN_ID"": ""Procedure"",
            ""STANDARD_CONCEPT_CAPTION"": ""Standard"",
            ""CONCEPT_CLASS_ID"": ""Procedure"",
            ""INVALID_REASON"": ""V""
          },
          ""includeMapped"": false,
          ""includeDescendants"": true
        },
        {
          ""isExcluded"": false,
          ""concept"": {
            ""INVALID_REASON_CAPTION"": ""Valid"",
            ""CONCEPT_ID"": 4203771,
            ""STANDARD_CONCEPT"": ""S"",
            ""CONCEPT_CODE"": ""52734007"",
            ""VOCABULARY_ID"": ""SNOMED"",
            ""CONCEPT_NAME"": ""Total replacement of hip"",
            ""DOMAIN_ID"": ""Procedure"",
            ""STANDARD_CONCEPT_CAPTION"": ""Standard"",
            ""CONCEPT_CLASS_ID"": ""Procedure"",
            ""INVALID_REASON"": ""V""
          },
          ""includeMapped"": false,
          ""includeDescendants"": true
        }
      ]},
      ""name"": ""[jml] hip fracture"",
      ""id"": 3
    },
    {
      ""expression"": {""items"": [
        {
          ""isExcluded"": false,
          ""concept"": {
            ""INVALID_REASON_CAPTION"": ""Valid"",
            ""CONCEPT_ID"": 4297365,
            ""STANDARD_CONCEPT"": ""S"",
            ""CONCEPT_CODE"": ""386649003"",
            ""VOCABULARY_ID"": ""SNOMED"",
            ""CONCEPT_NAME"": ""Partial hip replacement by prosthesis"",
            ""DOMAIN_ID"": ""Procedure"",
            ""STANDARD_CONCEPT_CAPTION"": ""Standard"",
            ""CONCEPT_CLASS_ID"": ""Procedure"",
            ""INVALID_REASON"": ""V""
          },
          ""includeMapped"": false,
          ""includeDescendants"": true
        },
        {
          ""isExcluded"": false,
          ""concept"": {
            ""INVALID_REASON_CAPTION"": ""Valid"",
            ""CONCEPT_ID"": 4134857,
            ""STANDARD_CONCEPT"": ""S"",
            ""CONCEPT_CODE"": ""398010007"",
            ""VOCABULARY_ID"": ""SNOMED"",
            ""CONCEPT_NAME"": ""Prosthetic arthroplasty of hip"",
            ""DOMAIN_ID"": ""Procedure"",
            ""STANDARD_CONCEPT_CAPTION"": ""Standard"",
            ""CONCEPT_CLASS_ID"": ""Procedure"",
            ""INVALID_REASON"": ""V""
          },
          ""includeMapped"": false,
          ""includeDescendants"": true
        },
        {
          ""isExcluded"": false,
          ""concept"": {
            ""INVALID_REASON_CAPTION"": ""Valid"",
            ""CONCEPT_ID"": 4090926,
            ""STANDARD_CONCEPT"": ""S"",
            ""CONCEPT_CODE"": ""280460009"",
            ""VOCABULARY_ID"": ""SNOMED"",
            ""CONCEPT_NAME"": ""Revision of hip arthroplasty"",
            ""DOMAIN_ID"": ""Procedure"",
            ""STANDARD_CONCEPT_CAPTION"": ""Standard"",
            ""CONCEPT_CLASS_ID"": ""Procedure"",
            ""INVALID_REASON"": ""V""
          },
          ""includeMapped"": false,
          ""includeDescendants"": true
        },
        {
          ""isExcluded"": false,
          ""concept"": {
            ""INVALID_REASON_CAPTION"": ""Valid"",
            ""CONCEPT_ID"": 4266062,
            ""STANDARD_CONCEPT"": ""S"",
            ""CONCEPT_CODE"": ""62402000"",
            ""VOCABULARY_ID"": ""SNOMED"",
            ""CONCEPT_NAME"": ""Revision of total hip replacement"",
            ""DOMAIN_ID"": ""Procedure"",
            ""STANDARD_CONCEPT_CAPTION"": ""Standard"",
            ""CONCEPT_CLASS_ID"": ""Procedure"",
            ""INVALID_REASON"": ""V""
          },
          ""includeMapped"": false,
          ""includeDescendants"": true
        },
        {
          ""isExcluded"": false,
          ""concept"": {
            ""INVALID_REASON_CAPTION"": ""Valid"",
            ""CONCEPT_ID"": 4203771,
            ""STANDARD_CONCEPT"": ""S"",
            ""CONCEPT_CODE"": ""52734007"",
            ""VOCABULARY_ID"": ""SNOMED"",
            ""CONCEPT_NAME"": ""Total replacement of hip"",
            ""DOMAIN_ID"": ""Procedure"",
            ""STANDARD_CONCEPT_CAPTION"": ""Standard"",
            ""CONCEPT_CLASS_ID"": ""Procedure"",
            ""INVALID_REASON"": ""V""
          },
          ""includeMapped"": false,
          ""includeDescendants"": true
        }
      ]},
      ""name"": ""[jml] tha/bha"",
      ""id"": 4
    },
    {
      ""expression"": {""items"": [
        {
          ""isExcluded"": false,
          ""concept"": {
            ""INVALID_REASON_CAPTION"": ""Valid"",
            ""CONCEPT_ID"": 4078547,
            ""STANDARD_CONCEPT"": ""S"",
            ""CONCEPT_CODE"": ""19063003"",
            ""VOCABULARY_ID"": ""SNOMED"",
            ""CONCEPT_NAME"": ""Arthroplasty of knee"",
            ""DOMAIN_ID"": ""Procedure"",
            ""STANDARD_CONCEPT_CAPTION"": ""Standard"",
            ""CONCEPT_CLASS_ID"": ""Procedure"",
            ""INVALID_REASON"": ""V""
          },
          ""includeMapped"": false,
          ""includeDescendants"": true
        },
        {
          ""isExcluded"": false,
          ""concept"": {
            ""INVALID_REASON_CAPTION"": ""Valid"",
            ""CONCEPT_ID"": 37585200,
            ""STANDARD_CONCEPT"": ""C"",
            ""CONCEPT_CODE"": ""10020102"",
            ""VOCABULARY_ID"": ""MedDRA"",
            ""CONCEPT_NAME"": ""Hip replacement"",
            ""DOMAIN_ID"": ""Procedure"",
            ""STANDARD_CONCEPT_CAPTION"": ""Classification"",
            ""CONCEPT_CLASS_ID"": ""LLT"",
            ""INVALID_REASON"": ""V""
          },
          ""includeMapped"": false,
          ""includeDescendants"": true
        },
        {
          ""isExcluded"": false,
          ""concept"": {
            ""INVALID_REASON_CAPTION"": ""Valid"",
            ""CONCEPT_ID"": 37520652,
            ""STANDARD_CONCEPT"": ""C"",
            ""CONCEPT_CODE"": ""10023469"",
            ""VOCABULARY_ID"": ""MedDRA"",
            ""CONCEPT_NAME"": ""Knee arthroplasty"",
            ""DOMAIN_ID"": ""Procedure"",
            ""STANDARD_CONCEPT_CAPTION"": ""Classification"",
            ""CONCEPT_CLASS_ID"": ""PT"",
            ""INVALID_REASON"": ""V""
          },
          ""includeMapped"": false,
          ""includeDescendants"": true
        },
        {
          ""isExcluded"": false,
          ""concept"": {
            ""INVALID_REASON_CAPTION"": ""Valid"",
            ""CONCEPT_ID"": 43010265,
            ""STANDARD_CONCEPT"": ""C"",
            ""CONCEPT_CODE"": ""10082617"",
            ""VOCABULARY_ID"": ""MedDRA"",
            ""CONCEPT_NAME"": ""Knee replacement"",
            ""DOMAIN_ID"": ""Procedure"",
            ""STANDARD_CONCEPT_CAPTION"": ""Classification"",
            ""CONCEPT_CLASS_ID"": ""LLT"",
            ""INVALID_REASON"": ""V""
          },
          ""includeMapped"": false,
          ""includeDescendants"": true
        },
        {
          ""isExcluded"": false,
          ""concept"": {
            ""INVALID_REASON_CAPTION"": ""Valid"",
            ""CONCEPT_ID"": 4134857,
            ""STANDARD_CONCEPT"": ""S"",
            ""CONCEPT_CODE"": ""398010007"",
            ""VOCABULARY_ID"": ""SNOMED"",
            ""CONCEPT_NAME"": ""Prosthetic arthroplasty of hip"",
            ""DOMAIN_ID"": ""Procedure"",
            ""STANDARD_CONCEPT_CAPTION"": ""Standard"",
            ""CONCEPT_CLASS_ID"": ""Procedure"",
            ""INVALID_REASON"": ""V""
          },
          ""includeMapped"": false,
          ""includeDescendants"": true
        },
        {
          ""isExcluded"": false,
          ""concept"": {
            ""INVALID_REASON_CAPTION"": ""Valid"",
            ""CONCEPT_ID"": 4311039,
            ""STANDARD_CONCEPT"": ""S"",
            ""CONCEPT_CODE"": ""392238003"",
            ""VOCABULARY_ID"": ""SNOMED"",
            ""CONCEPT_NAME"": ""Prosthetic arthroplasty of knee joint"",
            ""DOMAIN_ID"": ""Procedure"",
            ""STANDARD_CONCEPT_CAPTION"": ""Standard"",
            ""CONCEPT_CLASS_ID"": ""Procedure"",
            ""INVALID_REASON"": ""V""
          },
          ""includeMapped"": false,
          ""includeDescendants"": true
        },
        {
          ""isExcluded"": true,
          ""concept"": {
            ""INVALID_REASON_CAPTION"": ""Valid"",
            ""CONCEPT_ID"": 37152351,
            ""STANDARD_CONCEPT"": ""S"",
            ""CONCEPT_CODE"": ""1184599003"",
            ""VOCABULARY_ID"": ""SNOMED"",
            ""CONCEPT_NAME"": ""Reconstruction of articular cartilage of knee joint"",
            ""DOMAIN_ID"": ""Procedure"",
            ""STANDARD_CONCEPT_CAPTION"": ""Standard"",
            ""CONCEPT_CLASS_ID"": ""Procedure"",
            ""INVALID_REASON"": ""V""
          },
          ""includeMapped"": false,
          ""includeDescendants"": true
        },
        {
          ""isExcluded"": true,
          ""concept"": {
            ""INVALID_REASON_CAPTION"": ""Valid"",
            ""CONCEPT_ID"": 4343455,
            ""STANDARD_CONCEPT"": ""S"",
            ""CONCEPT_CODE"": ""239425006"",
            ""VOCABULARY_ID"": ""SNOMED"",
            ""CONCEPT_NAME"": ""Repair of ligament of knee joint"",
            ""DOMAIN_ID"": ""Procedure"",
            ""STANDARD_CONCEPT_CAPTION"": ""Standard"",
            ""CONCEPT_CLASS_ID"": ""Procedure"",
            ""INVALID_REASON"": ""V""
          },
          ""includeMapped"": false,
          ""includeDescendants"": true
        },
        {
          ""isExcluded"": true,
          ""concept"": {
            ""INVALID_REASON_CAPTION"": ""Valid"",
            ""CONCEPT_ID"": 4343904,
            ""STANDARD_CONCEPT"": ""S"",
            ""CONCEPT_CODE"": ""239419007"",
            ""VOCABULARY_ID"": ""SNOMED"",
            ""CONCEPT_NAME"": ""Repair of meniscus"",
            ""DOMAIN_ID"": ""Procedure"",
            ""STANDARD_CONCEPT_CAPTION"": ""Standard"",
            ""CONCEPT_CLASS_ID"": ""Procedure"",
            ""INVALID_REASON"": ""V""
          },
          ""includeMapped"": false,
          ""includeDescendants"": true
        },
        {
          ""isExcluded"": false,
          ""concept"": {
            ""INVALID_REASON_CAPTION"": ""Valid"",
            ""CONCEPT_ID"": 37585204,
            ""STANDARD_CONCEPT"": ""C"",
            ""CONCEPT_CODE"": ""10044088"",
            ""VOCABULARY_ID"": ""MedDRA"",
            ""CONCEPT_NAME"": ""Total hip replacement"",
            ""DOMAIN_ID"": ""Procedure"",
            ""STANDARD_CONCEPT_CAPTION"": ""Classification"",
            ""CONCEPT_CLASS_ID"": ""LLT"",
            ""INVALID_REASON"": ""V""
          },
          ""includeMapped"": false,
          ""includeDescendants"": true
        },
        {
          ""isExcluded"": false,
          ""concept"": {
            ""INVALID_REASON_CAPTION"": ""Valid"",
            ""CONCEPT_ID"": 37585249,
            ""STANDARD_CONCEPT"": ""C"",
            ""CONCEPT_CODE"": ""10044094"",
            ""VOCABULARY_ID"": ""MedDRA"",
            ""CONCEPT_NAME"": ""Total knee replacement"",
            ""DOMAIN_ID"": ""Procedure"",
            ""STANDARD_CONCEPT_CAPTION"": ""Classification"",
            ""CONCEPT_CLASS_ID"": ""LLT"",
            ""INVALID_REASON"": ""V""
          },
          ""includeMapped"": false,
          ""includeDescendants"": true
        },
        {
          ""isExcluded"": false,
          ""concept"": {
            ""INVALID_REASON_CAPTION"": ""Valid"",
            ""CONCEPT_ID"": 43531648,
            ""STANDARD_CONCEPT"": ""S"",
            ""CONCEPT_CODE"": ""609588000"",
            ""VOCABULARY_ID"": ""SNOMED"",
            ""CONCEPT_NAME"": ""Total knee replacement"",
            ""DOMAIN_ID"": ""Procedure"",
            ""STANDARD_CONCEPT_CAPTION"": ""Standard"",
            ""CONCEPT_CLASS_ID"": ""Procedure"",
            ""INVALID_REASON"": ""V""
          },
          ""includeMapped"": false,
          ""includeDescendants"": true
        },
        {
          ""isExcluded"": false,
          ""concept"": {
            ""INVALID_REASON_CAPTION"": ""Valid"",
            ""CONCEPT_ID"": 4203771,
            ""STANDARD_CONCEPT"": ""S"",
            ""CONCEPT_CODE"": ""52734007"",
            ""VOCABULARY_ID"": ""SNOMED"",
            ""CONCEPT_NAME"": ""Total replacement of hip"",
            ""DOMAIN_ID"": ""Procedure"",
            ""STANDARD_CONCEPT_CAPTION"": ""Standard"",
            ""CONCEPT_CLASS_ID"": ""Procedure"",
            ""INVALID_REASON"": ""V""
          },
          ""includeMapped"": false,
          ""includeDescendants"": true
        }
      ]},
      ""name"": ""[jml] tjr"",
      ""id"": 5
    },
    {
      ""expression"": {""items"": [
        {
          ""isExcluded"": false,
          ""concept"": {
            ""INVALID_REASON_CAPTION"": ""Valid"",
            ""CONCEPT_ID"": 4078547,
            ""STANDARD_CONCEPT"": ""S"",
            ""CONCEPT_CODE"": ""19063003"",
            ""VOCABULARY_ID"": ""SNOMED"",
            ""CONCEPT_NAME"": ""Arthroplasty of knee"",
            ""DOMAIN_ID"": ""Procedure"",
            ""STANDARD_CONCEPT_CAPTION"": ""Standard"",
            ""CONCEPT_CLASS_ID"": ""Procedure"",
            ""INVALID_REASON"": ""V""
          },
          ""includeMapped"": false,
          ""includeDescendants"": true
        },
        {
          ""isExcluded"": true,
          ""concept"": {
            ""INVALID_REASON_CAPTION"": ""Valid"",
            ""CONCEPT_ID"": 4297300,
            ""STANDARD_CONCEPT"": ""S"",
            ""CONCEPT_CODE"": ""76699006"",
            ""VOCABULARY_ID"": ""SNOMED"",
            ""CONCEPT_NAME"": ""Ligamentous reconstruction of knee, intra-articular and extra-articular"",
            ""DOMAIN_ID"": ""Procedure"",
            ""STANDARD_CONCEPT_CAPTION"": ""Standard"",
            ""CONCEPT_CLASS_ID"": ""Procedure"",
            ""INVALID_REASON"": ""V""
          },
          ""includeMapped"": false,
          ""includeDescendants"": true
        },
        {
          ""isExcluded"": false,
          ""concept"": {
            ""INVALID_REASON_CAPTION"": ""Valid"",
            ""CONCEPT_ID"": 4311039,
            ""STANDARD_CONCEPT"": ""S"",
            ""CONCEPT_CODE"": ""392238003"",
            ""VOCABULARY_ID"": ""SNOMED"",
            ""CONCEPT_NAME"": ""Prosthetic arthroplasty of knee joint"",
            ""DOMAIN_ID"": ""Procedure"",
            ""STANDARD_CONCEPT_CAPTION"": ""Standard"",
            ""CONCEPT_CLASS_ID"": ""Procedure"",
            ""INVALID_REASON"": ""V""
          },
          ""includeMapped"": false,
          ""includeDescendants"": true
        },
        {
          ""isExcluded"": true,
          ""concept"": {
            ""INVALID_REASON_CAPTION"": ""Valid"",
            ""CONCEPT_ID"": 4147773,
            ""STANDARD_CONCEPT"": ""S"",
            ""CONCEPT_CODE"": ""35926005"",
            ""VOCABULARY_ID"": ""SNOMED"",
            ""CONCEPT_NAME"": ""Repair of knee cruciate ligaments"",
            ""DOMAIN_ID"": ""Procedure"",
            ""STANDARD_CONCEPT_CAPTION"": ""Standard"",
            ""CONCEPT_CLASS_ID"": ""Procedure"",
            ""INVALID_REASON"": ""V""
          },
          ""includeMapped"": false,
          ""includeDescendants"": true
        },
        {
          ""isExcluded"": true,
          ""concept"": {
            ""INVALID_REASON_CAPTION"": ""Valid"",
            ""CONCEPT_ID"": 4343455,
            ""STANDARD_CONCEPT"": ""S"",
            ""CONCEPT_CODE"": ""239425006"",
            ""VOCABULARY_ID"": ""SNOMED"",
            ""CONCEPT_NAME"": ""Repair of ligament of knee joint"",
            ""DOMAIN_ID"": ""Procedure"",
            ""STANDARD_CONCEPT_CAPTION"": ""Standard"",
            ""CONCEPT_CLASS_ID"": ""Procedure"",
            ""INVALID_REASON"": ""V""
          },
          ""includeMapped"": false,
          ""includeDescendants"": true
        },
        {
          ""isExcluded"": false,
          ""concept"": {
            ""INVALID_REASON_CAPTION"": ""Valid"",
            ""CONCEPT_ID"": 42363703,
            ""STANDARD_CONCEPT"": ""N"",
            ""CONCEPT_CODE"": ""N2072"",
            ""VOCABULARY_ID"": ""EDI"",
            ""CONCEPT_NAME"": ""Replacement Athroplasty-Total[Knee]"",
            ""DOMAIN_ID"": ""Procedure"",
            ""STANDARD_CONCEPT_CAPTION"": ""Non-Standard"",
            ""CONCEPT_CLASS_ID"": ""Proc Hierarchy"",
            ""INVALID_REASON"": ""V""
          },
          ""includeMapped"": false,
          ""includeDescendants"": true
        },
        {
          ""isExcluded"": true,
          ""concept"": {
            ""INVALID_REASON_CAPTION"": ""Valid"",
            ""CONCEPT_ID"": 4058591,
            ""STANDARD_CONCEPT"": ""S"",
            ""CONCEPT_CODE"": ""16117008"",
            ""VOCABULARY_ID"": ""SNOMED"",
            ""CONCEPT_NAME"": ""Revision of total knee arthroplasty, all components"",
            ""DOMAIN_ID"": ""Procedure"",
            ""STANDARD_CONCEPT_CAPTION"": ""Standard"",
            ""CONCEPT_CLASS_ID"": ""Procedure"",
            ""INVALID_REASON"": ""V""
          },
          ""includeMapped"": false,
          ""includeDescendants"": true
        },
        {
          ""isExcluded"": false,
          ""concept"": {
            ""INVALID_REASON_CAPTION"": ""Valid"",
            ""CONCEPT_ID"": 43531648,
            ""STANDARD_CONCEPT"": ""S"",
            ""CONCEPT_CODE"": ""609588000"",
            ""VOCABULARY_ID"": ""SNOMED"",
            ""CONCEPT_NAME"": ""Total knee replacement"",
            ""DOMAIN_ID"": ""Procedure"",
            ""STANDARD_CONCEPT_CAPTION"": ""Standard"",
            ""CONCEPT_CLASS_ID"": ""Procedure"",
            ""INVALID_REASON"": ""V""
          },
          ""includeMapped"": false,
          ""includeDescendants"": true
        }
      ]},
      ""name"": ""[jml] tkr"",
      ""id"": 6
    },
    {
      ""expression"": {""items"": [
        {
          ""isExcluded"": false,
          ""concept"": {
            ""INVALID_REASON_CAPTION"": ""Valid"",
            ""CONCEPT_ID"": 37520641,
            ""STANDARD_CONCEPT"": ""C"",
            ""CONCEPT_CODE"": ""10020096"",
            ""VOCABULARY_ID"": ""MedDRA"",
            ""CONCEPT_NAME"": ""Hip arthroplasty"",
            ""DOMAIN_ID"": ""Procedure"",
            ""STANDARD_CONCEPT_CAPTION"": ""Classification"",
            ""CONCEPT_CLASS_ID"": ""PT"",
            ""INVALID_REASON"": ""V""
          },
          ""includeMapped"": false,
          ""includeDescendants"": true
        },
        {
          ""isExcluded"": true,
          ""concept"": {
            ""INVALID_REASON_CAPTION"": ""Valid"",
            ""CONCEPT_ID"": 4297365,
            ""STANDARD_CONCEPT"": ""S"",
            ""CONCEPT_CODE"": ""386649003"",
            ""VOCABULARY_ID"": ""SNOMED"",
            ""CONCEPT_NAME"": ""Partial hip replacement by prosthesis"",
            ""DOMAIN_ID"": ""Procedure"",
            ""STANDARD_CONCEPT_CAPTION"": ""Standard"",
            ""CONCEPT_CLASS_ID"": ""Procedure"",
            ""INVALID_REASON"": ""V""
          },
          ""includeMapped"": false,
          ""includeDescendants"": true
        },
        {
          ""isExcluded"": false,
          ""concept"": {
            ""INVALID_REASON_CAPTION"": ""Valid"",
            ""CONCEPT_ID"": 4134857,
            ""STANDARD_CONCEPT"": ""S"",
            ""CONCEPT_CODE"": ""398010007"",
            ""VOCABULARY_ID"": ""SNOMED"",
            ""CONCEPT_NAME"": ""Prosthetic arthroplasty of hip"",
            ""DOMAIN_ID"": ""Procedure"",
            ""STANDARD_CONCEPT_CAPTION"": ""Standard"",
            ""CONCEPT_CLASS_ID"": ""Procedure"",
            ""INVALID_REASON"": ""V""
          },
          ""includeMapped"": false,
          ""includeDescendants"": true
        },
        {
          ""isExcluded"": false,
          ""concept"": {
            ""INVALID_REASON_CAPTION"": ""Valid"",
            ""CONCEPT_ID"": 4090926,
            ""STANDARD_CONCEPT"": ""S"",
            ""CONCEPT_CODE"": ""280460009"",
            ""VOCABULARY_ID"": ""SNOMED"",
            ""CONCEPT_NAME"": ""Revision of hip arthroplasty"",
            ""DOMAIN_ID"": ""Procedure"",
            ""STANDARD_CONCEPT_CAPTION"": ""Standard"",
            ""CONCEPT_CLASS_ID"": ""Procedure"",
            ""INVALID_REASON"": ""V""
          },
          ""includeMapped"": false,
          ""includeDescendants"": true
        },
        {
          ""isExcluded"": false,
          ""concept"": {
            ""INVALID_REASON_CAPTION"": ""Valid"",
            ""CONCEPT_ID"": 37585207,
            ""STANDARD_CONCEPT"": ""C"",
            ""CONCEPT_CODE"": ""10057128"",
            ""VOCABULARY_ID"": ""MedDRA"",
            ""CONCEPT_NAME"": ""Revision of hip arthroplasty"",
            ""DOMAIN_ID"": ""Procedure"",
            ""STANDARD_CONCEPT_CAPTION"": ""Classification"",
            ""CONCEPT_CLASS_ID"": ""LLT"",
            ""INVALID_REASON"": ""V""
          },
          ""includeMapped"": false,
          ""includeDescendants"": true
        },
        {
          ""isExcluded"": false,
          ""concept"": {
            ""INVALID_REASON_CAPTION"": ""Valid"",
            ""CONCEPT_ID"": 4203771,
            ""STANDARD_CONCEPT"": ""S"",
            ""CONCEPT_CODE"": ""52734007"",
            ""VOCABULARY_ID"": ""SNOMED"",
            ""CONCEPT_NAME"": ""Total replacement of hip"",
            ""DOMAIN_ID"": ""Procedure"",
            ""STANDARD_CONCEPT_CAPTION"": ""Standard"",
            ""CONCEPT_CLASS_ID"": ""Procedure"",
            ""INVALID_REASON"": ""V""
          },
          ""includeMapped"": false,
          ""includeDescendants"": true
        }
      ]},
      ""name"": ""[jml] thr"",
      ""id"": 7
    },
    {
      ""expression"": {""items"": [{
        ""isExcluded"": false,
        ""concept"": {
          ""INVALID_REASON_CAPTION"": ""Valid"",
          ""CONCEPT_ID"": 4266062,
          ""STANDARD_CONCEPT"": ""S"",
          ""CONCEPT_CODE"": ""62402000"",
          ""VOCABULARY_ID"": ""SNOMED"",
          ""CONCEPT_NAME"": ""Revision of total hip replacement"",
          ""DOMAIN_ID"": ""Procedure"",
          ""STANDARD_CONCEPT_CAPTION"": ""Standard"",
          ""CONCEPT_CLASS_ID"": ""Procedure"",
          ""INVALID_REASON"": ""V""
        },
        ""includeMapped"": false,
        ""includeDescendants"": true
      }]},
      ""name"": ""[jml] revision thr"",
      ""id"": 8
    },
    {
      ""expression"": {""items"": [{
        ""isExcluded"": false,
        ""concept"": {
          ""INVALID_REASON_CAPTION"": ""Valid"",
          ""CONCEPT_ID"": 4090451,
          ""STANDARD_CONCEPT"": ""S"",
          ""CONCEPT_CODE"": ""280462001"",
          ""VOCABULARY_ID"": ""SNOMED"",
          ""CONCEPT_NAME"": ""Revision of knee arthroplasty"",
          ""DOMAIN_ID"": ""Procedure"",
          ""STANDARD_CONCEPT_CAPTION"": ""Standard"",
          ""CONCEPT_CLASS_ID"": ""Procedure"",
          ""INVALID_REASON"": ""V""
        },
        ""includeMapped"": false,
        ""includeDescendants"": true
      }]},
      ""name"": ""[jml] revision tkr"",
      ""id"": 9
    },
    {
      ""expression"": {""items"": [
        {
          ""isExcluded"": true,
          ""concept"": {
            ""INVALID_REASON_CAPTION"": ""Valid"",
            ""CONCEPT_ID"": 4145786,
            ""STANDARD_CONCEPT"": ""S"",
            ""CONCEPT_CODE"": ""266802007"",
            ""VOCABULARY_ID"": ""SNOMED"",
            ""CONCEPT_NAME"": ""Endotracheal anesthesia"",
            ""DOMAIN_ID"": ""Procedure"",
            ""STANDARD_CONCEPT_CAPTION"": ""Standard"",
            ""CONCEPT_CLASS_ID"": ""Procedure"",
            ""INVALID_REASON"": ""V""
          },
          ""includeMapped"": false,
          ""includeDescendants"": true
        },
        {
          ""isExcluded"": false,
          ""concept"": {
            ""INVALID_REASON_CAPTION"": ""Valid"",
            ""CONCEPT_ID"": 4078199,
            ""STANDARD_CONCEPT"": ""S"",
            ""CONCEPT_CODE"": ""18946005"",
            ""VOCABULARY_ID"": ""SNOMED"",
            ""CONCEPT_NAME"": ""Epidural anesthesia"",
            ""DOMAIN_ID"": ""Procedure"",
            ""STANDARD_CONCEPT_CAPTION"": ""Standard"",
            ""CONCEPT_CLASS_ID"": ""Procedure"",
            ""INVALID_REASON"": ""V""
          },
          ""includeMapped"": false,
          ""includeDescendants"": true
        },
        {
          ""isExcluded"": false,
          ""concept"": {
            ""INVALID_REASON_CAPTION"": ""Valid"",
            ""CONCEPT_ID"": 4332593,
            ""STANDARD_CONCEPT"": ""S"",
            ""CONCEPT_CODE"": ""231249005"",
            ""VOCABULARY_ID"": ""SNOMED"",
            ""CONCEPT_NAME"": ""Spinal anesthesia"",
            ""DOMAIN_ID"": ""Procedure"",
            ""STANDARD_CONCEPT_CAPTION"": ""Standard"",
            ""CONCEPT_CLASS_ID"": ""Procedure"",
            ""INVALID_REASON"": ""V""
          },
          ""includeMapped"": false,
          ""includeDescendants"": true
        }
      ]},
      ""name"": ""[jml] spinal anesthesia_only"",
      ""id"": 10
    },
    {
      ""expression"": {""items"": [
        {
          ""isExcluded"": false,
          ""concept"": {
            ""INVALID_REASON_CAPTION"": ""Valid"",
            ""CONCEPT_ID"": 4174669,
            ""STANDARD_CONCEPT"": ""S"",
            ""CONCEPT_CODE"": ""50697003"",
            ""VOCABULARY_ID"": ""SNOMED"",
            ""CONCEPT_NAME"": ""Administration of general anesthetic"",
            ""DOMAIN_ID"": ""Procedure"",
            ""STANDARD_CONCEPT_CAPTION"": ""Standard"",
            ""CONCEPT_CLASS_ID"": ""Procedure"",
            ""INVALID_REASON"": ""V""
          },
          ""includeMapped"": false,
          ""includeDescendants"": true
        },
        {
          ""isExcluded"": false,
          ""concept"": {
            ""INVALID_REASON_CAPTION"": ""Valid"",
            ""CONCEPT_ID"": 4145786,
            ""STANDARD_CONCEPT"": ""S"",
            ""CONCEPT_CODE"": ""266802007"",
            ""VOCABULARY_ID"": ""SNOMED"",
            ""CONCEPT_NAME"": ""Endotracheal anesthesia"",
            ""DOMAIN_ID"": ""Procedure"",
            ""STANDARD_CONCEPT_CAPTION"": ""Standard"",
            ""CONCEPT_CLASS_ID"": ""Procedure"",
            ""INVALID_REASON"": ""V""
          },
          ""includeMapped"": false,
          ""includeDescendants"": true
        },
        {
          ""isExcluded"": false,
          ""concept"": {
            ""INVALID_REASON_CAPTION"": ""Valid"",
            ""CONCEPT_ID"": 4082850,
            ""STANDARD_CONCEPT"": ""S"",
            ""CONCEPT_CODE"": ""241687005"",
            ""VOCABULARY_ID"": ""SNOMED"",
            ""CONCEPT_NAME"": ""Induction of general anesthesia"",
            ""DOMAIN_ID"": ""Procedure"",
            ""STANDARD_CONCEPT_CAPTION"": ""Standard"",
            ""CONCEPT_CLASS_ID"": ""Procedure"",
            ""INVALID_REASON"": ""V""
          },
          ""includeMapped"": false,
          ""includeDescendants"": true
        },
        {
          ""isExcluded"": false,
          ""concept"": {
            ""INVALID_REASON_CAPTION"": ""Valid"",
            ""CONCEPT_ID"": 4118897,
            ""STANDARD_CONCEPT"": ""S"",
            ""CONCEPT_CODE"": ""288185006"",
            ""VOCABULARY_ID"": ""SNOMED"",
            ""CONCEPT_NAME"": ""Inhalation general anesthesia"",
            ""DOMAIN_ID"": ""Procedure"",
            ""STANDARD_CONCEPT_CAPTION"": ""Standard"",
            ""CONCEPT_CLASS_ID"": ""Procedure"",
            ""INVALID_REASON"": ""V""
          },
          ""includeMapped"": false,
          ""includeDescendants"": true
        },
        {
          ""isExcluded"": false,
          ""concept"": {
            ""INVALID_REASON_CAPTION"": ""Valid"",
            ""CONCEPT_ID"": 4082996,
            ""STANDARD_CONCEPT"": ""S"",
            ""CONCEPT_CODE"": ""241688000"",
            ""VOCABULARY_ID"": ""SNOMED"",
            ""CONCEPT_NAME"": ""Intravenous induction of general anesthesia"",
            ""DOMAIN_ID"": ""Procedure"",
            ""STANDARD_CONCEPT_CAPTION"": ""Standard"",
            ""CONCEPT_CLASS_ID"": ""Procedure"",
            ""INVALID_REASON"": ""V""
          },
          ""includeMapped"": false,
          ""includeDescendants"": true
        },
        {
          ""isExcluded"": false,
          ""concept"": {
            ""INVALID_REASON_CAPTION"": ""Valid"",
            ""CONCEPT_ID"": 4086417,
            ""STANDARD_CONCEPT"": ""S"",
            ""CONCEPT_CODE"": ""241695009"",
            ""VOCABULARY_ID"": ""SNOMED"",
            ""CONCEPT_NAME"": ""Maintenance of general anesthesia"",
            ""DOMAIN_ID"": ""Procedure"",
            ""STANDARD_CONCEPT_CAPTION"": ""Standard"",
            ""CONCEPT_CLASS_ID"": ""Procedure"",
            ""INVALID_REASON"": ""V""
          },
          ""includeMapped"": false,
          ""includeDescendants"": true
        },
        {
          ""isExcluded"": false,
          ""concept"": {
            ""INVALID_REASON_CAPTION"": ""Valid"",
            ""CONCEPT_ID"": 4332593,
            ""STANDARD_CONCEPT"": ""S"",
            ""CONCEPT_CODE"": ""231249005"",
            ""VOCABULARY_ID"": ""SNOMED"",
            ""CONCEPT_NAME"": ""Spinal anesthesia"",
            ""DOMAIN_ID"": ""Procedure"",
            ""STANDARD_CONCEPT_CAPTION"": ""Standard"",
            ""CONCEPT_CLASS_ID"": ""Procedure"",
            ""INVALID_REASON"": ""V""
          },
          ""includeMapped"": false,
          ""includeDescendants"": true
        }
      ]},
      ""name"": ""[jm] gea_total"",
      ""id"": 11
    }
  ],
  ""EndStrategy"": {""DateOffset"": {
    ""DateField"": ""StartDate"",
    ""Offset"": 60
  }},
  ""cdmVersionRange"": "">=5.0.0"",
  ""CensoringCriteria"": [{""ProcedureOccurrence"": {
    ""ProcedureType"": null,
    ""CorrelatedCriteria"": null,
    ""CodesetId"": 11,
    ""ProcedureSourceConcept"": null,
    ""Quantity"": null,
    ""ProviderSpecialty"": null,
    ""Gender"": null,
    ""ProcedureTypeExclude"": false,
    ""VisitType"": null,
    ""First"": null,
    ""OccurrenceStartDate"": null,
    ""Modifier"": null,
    ""Age"": null
  }}],
  ""QualifiedLimit"": {""Type"": ""First""},
  ""InclusionRules"": [
    {
      ""expression"": {
        ""CriteriaList"": [{
          ""RestrictVisit"": true,
          ""StartWindow"": {
            ""UseEventEnd"": false,
            ""Start"": {
              ""Days"": 0,
              ""Coeff"": -1
            },
            ""End"": {
              ""Days"": 0,
              ""Coeff"": 1
            },
            ""UseIndexEnd"": false
          },
          ""IgnoreObservationPeriod"": false,
          ""EndWindow"": null,
          ""Criteria"": {""ProcedureOccurrence"": {
            ""ProcedureType"": null,
            ""CorrelatedCriteria"": null,
            ""CodesetId"": 10,
            ""ProcedureSourceConcept"": null,
            ""Quantity"": null,
            ""ProviderSpecialty"": null,
            ""Gender"": null,
            ""ProcedureTypeExclude"": false,
            ""VisitType"": null,
            ""First"": null,
            ""OccurrenceStartDate"": null,
            ""Modifier"": null,
            ""Age"": null
          }},
          ""Occurrence"": {
            ""Type"": 2,
            ""IsDistinct"": false,
            ""Count"": 1
          }
        }],
        ""Type"": ""ALL"",
        ""DemographicCriteriaList"": [],
        ""Groups"": [],
        ""Count"": null
      },
      ""name"": ""spinal anesthesia"",
      ""description"": null
    },
    {
      ""expression"": {
        ""CriteriaList"": [
          {
            ""RestrictVisit"": false,
            ""StartWindow"": {
              ""UseEventEnd"": false,
              ""Start"": {
                ""Days"": 0,
                ""Coeff"": -1
              },
              ""End"": {
                ""Days"": 0,
                ""Coeff"": -1
              },
              ""UseIndexEnd"": false
            },
            ""IgnoreObservationPeriod"": false,
            ""EndWindow"": null,
            ""Criteria"": {""ProcedureOccurrence"": {
              ""ProcedureType"": null,
              ""CorrelatedCriteria"": null,
              ""CodesetId"": 8,
              ""ProcedureSourceConcept"": null,
              ""Quantity"": null,
              ""ProviderSpecialty"": null,
              ""Gender"": null,
              ""ProcedureTypeExclude"": false,
              ""VisitType"": null,
              ""First"": true,
              ""OccurrenceStartDate"": null,
              ""Modifier"": null,
              ""Age"": null
            }},
            ""Occurrence"": {
              ""Type"": 0,
              ""IsDistinct"": false,
              ""Count"": 0
            }
          },
          {
            ""RestrictVisit"": false,
            ""StartWindow"": {
              ""UseEventEnd"": false,
              ""Start"": {
                ""Days"": 0,
                ""Coeff"": -1
              },
              ""End"": {
                ""Days"": 0,
                ""Coeff"": 1
              },
              ""UseIndexEnd"": false
            },
            ""IgnoreObservationPeriod"": false,
            ""EndWindow"": null,
            ""Criteria"": {""ProcedureOccurrence"": {
              ""ProcedureType"": null,
              ""CorrelatedCriteria"": null,
              ""CodesetId"": 9,
              ""ProcedureSourceConcept"": null,
              ""Quantity"": null,
              ""ProviderSpecialty"": null,
              ""Gender"": null,
              ""ProcedureTypeExclude"": false,
              ""VisitType"": null,
              ""First"": true,
              ""OccurrenceStartDate"": null,
              ""Modifier"": null,
              ""Age"": null
            }},
            ""Occurrence"": {
              ""Type"": 0,
              ""IsDistinct"": false,
              ""Count"": 0
            }
          }
        ],
        ""Type"": ""ALL"",
        ""DemographicCriteriaList"": [],
        ""Groups"": [],
        ""Count"": null
      },
      ""name"": ""primary tjr"",
      ""description"": ""\n""
    },
    {
      ""expression"": {
        ""CriteriaList"": [{
          ""RestrictVisit"": false,
          ""StartWindow"": {
            ""UseEventEnd"": false,
            ""Start"": {
              ""Days"": 60,
              ""Coeff"": -1
            },
            ""End"": {
              ""Days"": 1,
              ""Coeff"": -1
            },
            ""UseIndexEnd"": false
          },
          ""IgnoreObservationPeriod"": false,
          ""EndWindow"": null,
          ""Criteria"": {""ProcedureOccurrence"": {
            ""ProcedureType"": null,
            ""CorrelatedCriteria"": null,
            ""CodesetId"": 5,
            ""ProcedureSourceConcept"": null,
            ""Quantity"": null,
            ""ProviderSpecialty"": null,
            ""Gender"": null,
            ""ProcedureTypeExclude"": false,
            ""VisitType"": null,
            ""First"": null,
            ""OccurrenceStartDate"": null,
            ""Modifier"": null,
            ""Age"": null
          }},
          ""Occurrence"": {
            ""Type"": 0,
            ""IsDistinct"": false,
            ""Count"": 0
          }
        }],
        ""Type"": ""ALL"",
        ""DemographicCriteriaList"": [],
        ""Groups"": [],
        ""Count"": null
      },
      ""name"": ""no surgery in 60 days"",
      ""description"": null
    }
  ],
  ""PrimaryCriteria"": {
    ""CriteriaList"": [{""ProcedureOccurrence"": {
      ""ProcedureType"": null,
      ""CorrelatedCriteria"": null,
      ""CodesetId"": 5,
      ""ProcedureSourceConcept"": null,
      ""Quantity"": null,
      ""ProviderSpecialty"": null,
      ""Gender"": null,
      ""ProcedureTypeExclude"": false,
      ""VisitType"": null,
      ""First"": null,
      ""OccurrenceStartDate"": null,
      ""Modifier"": null,
      ""Age"": {
        ""Op"": ""gt"",
        ""Extent"": null,
        ""Value"": 49
      }
    }}],
    ""PrimaryCriteriaLimit"": {""Type"": ""First""},
    ""ObservationWindow"": {
      ""PostDays"": 0,
      ""PriorDays"": 1
    }
  }
}"
7829,"[jml] hip fracture surgery_sa","{
  ""ExpressionLimit"": {""Type"": ""First""},
  ""CollapseSettings"": {
    ""CollapseType"": ""ERA"",
    ""EraPad"": 0
  },
  ""CensorWindow"": {
    ""StartDate"": null,
    ""EndDate"": null
  },
  ""ConceptSets"": [
    {
      ""expression"": {""items"": [
        {
          ""isExcluded"": true,
          ""concept"": {
            ""INVALID_REASON_CAPTION"": ""Valid"",
            ""CONCEPT_ID"": 4145786,
            ""STANDARD_CONCEPT"": ""S"",
            ""CONCEPT_CODE"": ""266802007"",
            ""VOCABULARY_ID"": ""SNOMED"",
            ""CONCEPT_NAME"": ""Endotracheal anesthesia"",
            ""DOMAIN_ID"": ""Procedure"",
            ""STANDARD_CONCEPT_CAPTION"": ""Standard"",
            ""CONCEPT_CLASS_ID"": ""Procedure"",
            ""INVALID_REASON"": ""V""
          },
          ""includeMapped"": false,
          ""includeDescendants"": true
        },
        {
          ""isExcluded"": false,
          ""concept"": {
            ""INVALID_REASON_CAPTION"": ""Valid"",
            ""CONCEPT_ID"": 4078199,
            ""STANDARD_CONCEPT"": ""S"",
            ""CONCEPT_CODE"": ""18946005"",
            ""VOCABULARY_ID"": ""SNOMED"",
            ""CONCEPT_NAME"": ""Epidural anesthesia"",
            ""DOMAIN_ID"": ""Procedure"",
            ""STANDARD_CONCEPT_CAPTION"": ""Standard"",
            ""CONCEPT_CLASS_ID"": ""Procedure"",
            ""INVALID_REASON"": ""V""
          },
          ""includeMapped"": false,
          ""includeDescendants"": true
        },
        {
          ""isExcluded"": false,
          ""concept"": {
            ""INVALID_REASON_CAPTION"": ""Valid"",
            ""CONCEPT_ID"": 4332593,
            ""STANDARD_CONCEPT"": ""S"",
            ""CONCEPT_CODE"": ""231249005"",
            ""VOCABULARY_ID"": ""SNOMED"",
            ""CONCEPT_NAME"": ""Spinal anesthesia"",
            ""DOMAIN_ID"": ""Procedure"",
            ""STANDARD_CONCEPT_CAPTION"": ""Standard"",
            ""CONCEPT_CLASS_ID"": ""Procedure"",
            ""INVALID_REASON"": ""V""
          },
          ""includeMapped"": false,
          ""includeDescendants"": true
        }
      ]},
      ""name"": ""[jm] spinal anesthesia_only"",
      ""id"": 2
    },
    {
      ""expression"": {""items"": [
        {
          ""isExcluded"": false,
          ""concept"": {
            ""INVALID_REASON_CAPTION"": ""Valid"",
            ""CONCEPT_ID"": 4106045,
            ""STANDARD_CONCEPT"": ""S"",
            ""CONCEPT_CODE"": ""281797006"",
            ""VOCABULARY_ID"": ""SNOMED"",
            ""CONCEPT_NAME"": ""Closed reduction and fixation of fracture"",
            ""DOMAIN_ID"": ""Procedure"",
            ""STANDARD_CONCEPT_CAPTION"": ""Standard"",
            ""CONCEPT_CLASS_ID"": ""Procedure"",
            ""INVALID_REASON"": ""V""
          },
          ""includeMapped"": false,
          ""includeDescendants"": true
        },
        {
          ""isExcluded"": false,
          ""concept"": {
            ""INVALID_REASON_CAPTION"": ""Valid"",
            ""CONCEPT_ID"": 4188615,
            ""STANDARD_CONCEPT"": ""S"",
            ""CONCEPT_CODE"": ""47264000"",
            ""VOCABULARY_ID"": ""SNOMED"",
            ""CONCEPT_NAME"": ""Closed reduction of fracture with internal fixation"",
            ""DOMAIN_ID"": ""Procedure"",
            ""STANDARD_CONCEPT_CAPTION"": ""Standard"",
            ""CONCEPT_CLASS_ID"": ""Procedure"",
            ""INVALID_REASON"": ""V""
          },
          ""includeMapped"": false,
          ""includeDescendants"": true
        },
        {
          ""isExcluded"": false,
          ""concept"": {
            ""INVALID_REASON_CAPTION"": ""Valid"",
            ""CONCEPT_ID"": 442560,
            ""STANDARD_CONCEPT"": ""S"",
            ""CONCEPT_CODE"": ""71620000"",
            ""VOCABULARY_ID"": ""SNOMED"",
            ""CONCEPT_NAME"": ""Fracture of femur"",
            ""DOMAIN_ID"": ""Condition"",
            ""STANDARD_CONCEPT_CAPTION"": ""Standard"",
            ""CONCEPT_CLASS_ID"": ""Disorder"",
            ""INVALID_REASON"": ""V""
          },
          ""includeMapped"": false,
          ""includeDescendants"": true
        },
        {
          ""isExcluded"": false,
          ""concept"": {
            ""INVALID_REASON_CAPTION"": ""Valid"",
            ""CONCEPT_ID"": 4343794,
            ""STANDARD_CONCEPT"": ""S"",
            ""CONCEPT_CODE"": ""239293007"",
            ""VOCABULARY_ID"": ""SNOMED"",
            ""CONCEPT_NAME"": ""Internal fixation of fracture"",
            ""DOMAIN_ID"": ""Procedure"",
            ""STANDARD_CONCEPT_CAPTION"": ""Standard"",
            ""CONCEPT_CLASS_ID"": ""Procedure"",
            ""INVALID_REASON"": ""V""
          },
          ""includeMapped"": false,
          ""includeDescendants"": true
        },
        {
          ""isExcluded"": false,
          ""concept"": {
            ""INVALID_REASON_CAPTION"": ""Valid"",
            ""CONCEPT_ID"": 4045714,
            ""STANDARD_CONCEPT"": ""S"",
            ""CONCEPT_CODE"": ""133860004"",
            ""VOCABULARY_ID"": ""SNOMED"",
            ""CONCEPT_NAME"": ""Open reduction"",
            ""DOMAIN_ID"": ""Procedure"",
            ""STANDARD_CONCEPT_CAPTION"": ""Standard"",
            ""CONCEPT_CLASS_ID"": ""Procedure"",
            ""INVALID_REASON"": ""V""
          },
          ""includeMapped"": false,
          ""includeDescendants"": true
        },
        {
          ""isExcluded"": false,
          ""concept"": {
            ""INVALID_REASON_CAPTION"": ""Valid"",
            ""CONCEPT_ID"": 4313570,
            ""STANDARD_CONCEPT"": ""S"",
            ""CONCEPT_CODE"": ""86480004"",
            ""VOCABULARY_ID"": ""SNOMED"",
            ""CONCEPT_NAME"": ""Open reduction of fracture"",
            ""DOMAIN_ID"": ""Procedure"",
            ""STANDARD_CONCEPT_CAPTION"": ""Standard"",
            ""CONCEPT_CLASS_ID"": ""Procedure"",
            ""INVALID_REASON"": ""V""
          },
          ""includeMapped"": false,
          ""includeDescendants"": true
        },
        {
          ""isExcluded"": false,
          ""concept"": {
            ""INVALID_REASON_CAPTION"": ""Valid"",
            ""CONCEPT_ID"": 4038683,
            ""STANDARD_CONCEPT"": ""S"",
            ""CONCEPT_CODE"": ""118468006"",
            ""VOCABULARY_ID"": ""SNOMED"",
            ""CONCEPT_NAME"": ""Open reduction of fracture with fixation"",
            ""DOMAIN_ID"": ""Procedure"",
            ""STANDARD_CONCEPT_CAPTION"": ""Standard"",
            ""CONCEPT_CLASS_ID"": ""Procedure"",
            ""INVALID_REASON"": ""V""
          },
          ""includeMapped"": false,
          ""includeDescendants"": true
        },
        {
          ""isExcluded"": false,
          ""concept"": {
            ""INVALID_REASON_CAPTION"": ""Valid"",
            ""CONCEPT_ID"": 4071354,
            ""STANDARD_CONCEPT"": ""S"",
            ""CONCEPT_CODE"": ""20701002"",
            ""VOCABULARY_ID"": ""SNOMED"",
            ""CONCEPT_NAME"": ""Open reduction of fracture with internal fixation"",
            ""DOMAIN_ID"": ""Procedure"",
            ""STANDARD_CONCEPT_CAPTION"": ""Standard"",
            ""CONCEPT_CLASS_ID"": ""Procedure"",
            ""INVALID_REASON"": ""V""
          },
          ""includeMapped"": false,
          ""includeDescendants"": true
        },
        {
          ""isExcluded"": false,
          ""concept"": {
            ""INVALID_REASON_CAPTION"": ""Valid"",
            ""CONCEPT_ID"": 4046289,
            ""STANDARD_CONCEPT"": ""S"",
            ""CONCEPT_CODE"": ""133863002"",
            ""VOCABULARY_ID"": ""SNOMED"",
            ""CONCEPT_NAME"": ""Open reduction with internal fixation"",
            ""DOMAIN_ID"": ""Procedure"",
            ""STANDARD_CONCEPT_CAPTION"": ""Standard"",
            ""CONCEPT_CLASS_ID"": ""Procedure"",
            ""INVALID_REASON"": ""V""
          },
          ""includeMapped"": false,
          ""includeDescendants"": true
        },
        {
          ""isExcluded"": false,
          ""concept"": {
            ""INVALID_REASON_CAPTION"": ""Valid"",
            ""CONCEPT_ID"": 4149433,
            ""STANDARD_CONCEPT"": ""S"",
            ""CONCEPT_CODE"": ""31031000"",
            ""VOCABULARY_ID"": ""SNOMED"",
            ""CONCEPT_NAME"": ""Orthopedic internal fixation system"",
            ""DOMAIN_ID"": ""Device"",
            ""STANDARD_CONCEPT_CAPTION"": ""Standard"",
            ""CONCEPT_CLASS_ID"": ""Physical Object"",
            ""INVALID_REASON"": ""V""
          },
          ""includeMapped"": false,
          ""includeDescendants"": true
        },
        {
          ""isExcluded"": false,
          ""concept"": {
            ""INVALID_REASON_CAPTION"": ""Valid"",
            ""CONCEPT_ID"": 4297365,
            ""STANDARD_CONCEPT"": ""S"",
            ""CONCEPT_CODE"": ""386649003"",
            ""VOCABULARY_ID"": ""SNOMED"",
            ""CONCEPT_NAME"": ""Partial hip replacement by prosthesis"",
            ""DOMAIN_ID"": ""Procedure"",
            ""STANDARD_CONCEPT_CAPTION"": ""Standard"",
            ""CONCEPT_CLASS_ID"": ""Procedure"",
            ""INVALID_REASON"": ""V""
          },
          ""includeMapped"": false,
          ""includeDescendants"": true
        },
        {
          ""isExcluded"": false,
          ""concept"": {
            ""INVALID_REASON_CAPTION"": ""Valid"",
            ""CONCEPT_ID"": 4134857,
            ""STANDARD_CONCEPT"": ""S"",
            ""CONCEPT_CODE"": ""398010007"",
            ""VOCABULARY_ID"": ""SNOMED"",
            ""CONCEPT_NAME"": ""Prosthetic arthroplasty of hip"",
            ""DOMAIN_ID"": ""Procedure"",
            ""STANDARD_CONCEPT_CAPTION"": ""Standard"",
            ""CONCEPT_CLASS_ID"": ""Procedure"",
            ""INVALID_REASON"": ""V""
          },
          ""includeMapped"": false,
          ""includeDescendants"": true
        },
        {
          ""isExcluded"": true,
          ""concept"": {
            ""INVALID_REASON_CAPTION"": ""Valid"",
            ""CONCEPT_ID"": 4090926,
            ""STANDARD_CONCEPT"": ""S"",
            ""CONCEPT_CODE"": ""280460009"",
            ""VOCABULARY_ID"": ""SNOMED"",
            ""CONCEPT_NAME"": ""Revision of hip arthroplasty"",
            ""DOMAIN_ID"": ""Procedure"",
            ""STANDARD_CONCEPT_CAPTION"": ""Standard"",
            ""CONCEPT_CLASS_ID"": ""Procedure"",
            ""INVALID_REASON"": ""V""
          },
          ""includeMapped"": false,
          ""includeDescendants"": true
        },
        {
          ""isExcluded"": true,
          ""concept"": {
            ""INVALID_REASON_CAPTION"": ""Valid"",
            ""CONCEPT_ID"": 4266062,
            ""STANDARD_CONCEPT"": ""S"",
            ""CONCEPT_CODE"": ""62402000"",
            ""VOCABULARY_ID"": ""SNOMED"",
            ""CONCEPT_NAME"": ""Revision of total hip replacement"",
            ""DOMAIN_ID"": ""Procedure"",
            ""STANDARD_CONCEPT_CAPTION"": ""Standard"",
            ""CONCEPT_CLASS_ID"": ""Procedure"",
            ""INVALID_REASON"": ""V""
          },
          ""includeMapped"": false,
          ""includeDescendants"": true
        },
        {
          ""isExcluded"": false,
          ""concept"": {
            ""INVALID_REASON_CAPTION"": ""Valid"",
            ""CONCEPT_ID"": 4203771,
            ""STANDARD_CONCEPT"": ""S"",
            ""CONCEPT_CODE"": ""52734007"",
            ""VOCABULARY_ID"": ""SNOMED"",
            ""CONCEPT_NAME"": ""Total replacement of hip"",
            ""DOMAIN_ID"": ""Procedure"",
            ""STANDARD_CONCEPT_CAPTION"": ""Standard"",
            ""CONCEPT_CLASS_ID"": ""Procedure"",
            ""INVALID_REASON"": ""V""
          },
          ""includeMapped"": false,
          ""includeDescendants"": true
        }
      ]},
      ""name"": ""[jml] hip fracture"",
      ""id"": 3
    },
    {
      ""expression"": {""items"": [
        {
          ""isExcluded"": false,
          ""concept"": {
            ""INVALID_REASON_CAPTION"": ""Valid"",
            ""CONCEPT_ID"": 75053,
            ""STANDARD_CONCEPT"": ""S"",
            ""CONCEPT_CODE"": ""125605004"",
            ""VOCABULARY_ID"": ""SNOMED"",
            ""CONCEPT_NAME"": ""Fracture of bone"",
            ""DOMAIN_ID"": ""Condition"",
            ""STANDARD_CONCEPT_CAPTION"": ""Standard"",
            ""CONCEPT_CLASS_ID"": ""Disorder"",
            ""INVALID_REASON"": ""V""
          },
          ""includeMapped"": false,
          ""includeDescendants"": true
        },
        {
          ""isExcluded"": true,
          ""concept"": {
            ""INVALID_REASON_CAPTION"": ""Valid"",
            ""CONCEPT_ID"": 442560,
            ""STANDARD_CONCEPT"": ""S"",
            ""CONCEPT_CODE"": ""71620000"",
            ""VOCABULARY_ID"": ""SNOMED"",
            ""CONCEPT_NAME"": ""Fracture of femur"",
            ""DOMAIN_ID"": ""Condition"",
            ""STANDARD_CONCEPT_CAPTION"": ""Standard"",
            ""CONCEPT_CLASS_ID"": ""Disorder"",
            ""INVALID_REASON"": ""V""
          },
          ""includeMapped"": false,
          ""includeDescendants"": true
        }
      ]},
      ""name"": ""[jml] multi-trauma_hip fracture_exclusion criteria"",
      ""id"": 4
    },
    {
      ""expression"": {""items"": [
        {
          ""isExcluded"": false,
          ""concept"": {
            ""INVALID_REASON_CAPTION"": ""Valid"",
            ""CONCEPT_ID"": 4297365,
            ""STANDARD_CONCEPT"": ""S"",
            ""CONCEPT_CODE"": ""386649003"",
            ""VOCABULARY_ID"": ""SNOMED"",
            ""CONCEPT_NAME"": ""Partial hip replacement by prosthesis"",
            ""DOMAIN_ID"": ""Procedure"",
            ""STANDARD_CONCEPT_CAPTION"": ""Standard"",
            ""CONCEPT_CLASS_ID"": ""Procedure"",
            ""INVALID_REASON"": ""V""
          },
          ""includeMapped"": false,
          ""includeDescendants"": true
        },
        {
          ""isExcluded"": false,
          ""concept"": {
            ""INVALID_REASON_CAPTION"": ""Valid"",
            ""CONCEPT_ID"": 4134857,
            ""STANDARD_CONCEPT"": ""S"",
            ""CONCEPT_CODE"": ""398010007"",
            ""VOCABULARY_ID"": ""SNOMED"",
            ""CONCEPT_NAME"": ""Prosthetic arthroplasty of hip"",
            ""DOMAIN_ID"": ""Procedure"",
            ""STANDARD_CONCEPT_CAPTION"": ""Standard"",
            ""CONCEPT_CLASS_ID"": ""Procedure"",
            ""INVALID_REASON"": ""V""
          },
          ""includeMapped"": false,
          ""includeDescendants"": true
        },
        {
          ""isExcluded"": false,
          ""concept"": {
            ""INVALID_REASON_CAPTION"": ""Valid"",
            ""CONCEPT_ID"": 4090926,
            ""STANDARD_CONCEPT"": ""S"",
            ""CONCEPT_CODE"": ""280460009"",
            ""VOCABULARY_ID"": ""SNOMED"",
            ""CONCEPT_NAME"": ""Revision of hip arthroplasty"",
            ""DOMAIN_ID"": ""Procedure"",
            ""STANDARD_CONCEPT_CAPTION"": ""Standard"",
            ""CONCEPT_CLASS_ID"": ""Procedure"",
            ""INVALID_REASON"": ""V""
          },
          ""includeMapped"": false,
          ""includeDescendants"": true
        },
        {
          ""isExcluded"": false,
          ""concept"": {
            ""INVALID_REASON_CAPTION"": ""Valid"",
            ""CONCEPT_ID"": 4266062,
            ""STANDARD_CONCEPT"": ""S"",
            ""CONCEPT_CODE"": ""62402000"",
            ""VOCABULARY_ID"": ""SNOMED"",
            ""CONCEPT_NAME"": ""Revision of total hip replacement"",
            ""DOMAIN_ID"": ""Procedure"",
            ""STANDARD_CONCEPT_CAPTION"": ""Standard"",
            ""CONCEPT_CLASS_ID"": ""Procedure"",
            ""INVALID_REASON"": ""V""
          },
          ""includeMapped"": false,
          ""includeDescendants"": true
        },
        {
          ""isExcluded"": false,
          ""concept"": {
            ""INVALID_REASON_CAPTION"": ""Valid"",
            ""CONCEPT_ID"": 4203771,
            ""STANDARD_CONCEPT"": ""S"",
            ""CONCEPT_CODE"": ""52734007"",
            ""VOCABULARY_ID"": ""SNOMED"",
            ""CONCEPT_NAME"": ""Total replacement of hip"",
            ""DOMAIN_ID"": ""Procedure"",
            ""STANDARD_CONCEPT_CAPTION"": ""Standard"",
            ""CONCEPT_CLASS_ID"": ""Procedure"",
            ""INVALID_REASON"": ""V""
          },
          ""includeMapped"": false,
          ""includeDescendants"": true
        }
      ]},
      ""name"": ""[jml] tha/bha"",
      ""id"": 5
    },
    {
      ""expression"": {""items"": [
        {
          ""isExcluded"": false,
          ""concept"": {
            ""INVALID_REASON_CAPTION"": ""Valid"",
            ""CONCEPT_ID"": 4174669,
            ""STANDARD_CONCEPT"": ""S"",
            ""CONCEPT_CODE"": ""50697003"",
            ""VOCABULARY_ID"": ""SNOMED"",
            ""CONCEPT_NAME"": ""Administration of general anesthetic"",
            ""DOMAIN_ID"": ""Procedure"",
            ""STANDARD_CONCEPT_CAPTION"": ""Standard"",
            ""CONCEPT_CLASS_ID"": ""Procedure"",
            ""INVALID_REASON"": ""V""
          },
          ""includeMapped"": false,
          ""includeDescendants"": true
        },
        {
          ""isExcluded"": false,
          ""concept"": {
            ""INVALID_REASON_CAPTION"": ""Valid"",
            ""CONCEPT_ID"": 4145786,
            ""STANDARD_CONCEPT"": ""S"",
            ""CONCEPT_CODE"": ""266802007"",
            ""VOCABULARY_ID"": ""SNOMED"",
            ""CONCEPT_NAME"": ""Endotracheal anesthesia"",
            ""DOMAIN_ID"": ""Procedure"",
            ""STANDARD_CONCEPT_CAPTION"": ""Standard"",
            ""CONCEPT_CLASS_ID"": ""Procedure"",
            ""INVALID_REASON"": ""V""
          },
          ""includeMapped"": false,
          ""includeDescendants"": true
        },
        {
          ""isExcluded"": false,
          ""concept"": {
            ""INVALID_REASON_CAPTION"": ""Valid"",
            ""CONCEPT_ID"": 4082850,
            ""STANDARD_CONCEPT"": ""S"",
            ""CONCEPT_CODE"": ""241687005"",
            ""VOCABULARY_ID"": ""SNOMED"",
            ""CONCEPT_NAME"": ""Induction of general anesthesia"",
            ""DOMAIN_ID"": ""Procedure"",
            ""STANDARD_CONCEPT_CAPTION"": ""Standard"",
            ""CONCEPT_CLASS_ID"": ""Procedure"",
            ""INVALID_REASON"": ""V""
          },
          ""includeMapped"": false,
          ""includeDescendants"": true
        },
        {
          ""isExcluded"": false,
          ""concept"": {
            ""INVALID_REASON_CAPTION"": ""Valid"",
            ""CONCEPT_ID"": 4118897,
            ""STANDARD_CONCEPT"": ""S"",
            ""CONCEPT_CODE"": ""288185006"",
            ""VOCABULARY_ID"": ""SNOMED"",
            ""CONCEPT_NAME"": ""Inhalation general anesthesia"",
            ""DOMAIN_ID"": ""Procedure"",
            ""STANDARD_CONCEPT_CAPTION"": ""Standard"",
            ""CONCEPT_CLASS_ID"": ""Procedure"",
            ""INVALID_REASON"": ""V""
          },
          ""includeMapped"": false,
          ""includeDescendants"": true
        },
        {
          ""isExcluded"": false,
          ""concept"": {
            ""INVALID_REASON_CAPTION"": ""Valid"",
            ""CONCEPT_ID"": 4082996,
            ""STANDARD_CONCEPT"": ""S"",
            ""CONCEPT_CODE"": ""241688000"",
            ""VOCABULARY_ID"": ""SNOMED"",
            ""CONCEPT_NAME"": ""Intravenous induction of general anesthesia"",
            ""DOMAIN_ID"": ""Procedure"",
            ""STANDARD_CONCEPT_CAPTION"": ""Standard"",
            ""CONCEPT_CLASS_ID"": ""Procedure"",
            ""INVALID_REASON"": ""V""
          },
          ""includeMapped"": false,
          ""includeDescendants"": true
        },
        {
          ""isExcluded"": false,
          ""concept"": {
            ""INVALID_REASON_CAPTION"": ""Valid"",
            ""CONCEPT_ID"": 4086417,
            ""STANDARD_CONCEPT"": ""S"",
            ""CONCEPT_CODE"": ""241695009"",
            ""VOCABULARY_ID"": ""SNOMED"",
            ""CONCEPT_NAME"": ""Maintenance of general anesthesia"",
            ""DOMAIN_ID"": ""Procedure"",
            ""STANDARD_CONCEPT_CAPTION"": ""Standard"",
            ""CONCEPT_CLASS_ID"": ""Procedure"",
            ""INVALID_REASON"": ""V""
          },
          ""includeMapped"": false,
          ""includeDescendants"": true
        },
        {
          ""isExcluded"": false,
          ""concept"": {
            ""INVALID_REASON_CAPTION"": ""Valid"",
            ""CONCEPT_ID"": 4332593,
            ""STANDARD_CONCEPT"": ""S"",
            ""CONCEPT_CODE"": ""231249005"",
            ""VOCABULARY_ID"": ""SNOMED"",
            ""CONCEPT_NAME"": ""Spinal anesthesia"",
            ""DOMAIN_ID"": ""Procedure"",
            ""STANDARD_CONCEPT_CAPTION"": ""Standard"",
            ""CONCEPT_CLASS_ID"": ""Procedure"",
            ""INVALID_REASON"": ""V""
          },
          ""includeMapped"": false,
          ""includeDescendants"": true
        }
      ]},
      ""name"": ""[jm] gea_total"",
      ""id"": 6
    },
    {
      ""expression"": {""items"": [
        {
          ""isExcluded"": false,
          ""concept"": {
            ""INVALID_REASON_CAPTION"": ""Valid"",
            ""CONCEPT_ID"": 4174669,
            ""STANDARD_CONCEPT"": ""S"",
            ""CONCEPT_CODE"": ""50697003"",
            ""VOCABULARY_ID"": ""SNOMED"",
            ""CONCEPT_NAME"": ""Administration of general anesthetic"",
            ""DOMAIN_ID"": ""Procedure"",
            ""STANDARD_CONCEPT_CAPTION"": ""Standard"",
            ""CONCEPT_CLASS_ID"": ""Procedure"",
            ""INVALID_REASON"": ""V""
          },
          ""includeMapped"": false,
          ""includeDescendants"": true
        },
        {
          ""isExcluded"": false,
          ""concept"": {
            ""INVALID_REASON_CAPTION"": ""Valid"",
            ""CONCEPT_ID"": 4145786,
            ""STANDARD_CONCEPT"": ""S"",
            ""CONCEPT_CODE"": ""266802007"",
            ""VOCABULARY_ID"": ""SNOMED"",
            ""CONCEPT_NAME"": ""Endotracheal anesthesia"",
            ""DOMAIN_ID"": ""Procedure"",
            ""STANDARD_CONCEPT_CAPTION"": ""Standard"",
            ""CONCEPT_CLASS_ID"": ""Procedure"",
            ""INVALID_REASON"": ""V""
          },
          ""includeMapped"": false,
          ""includeDescendants"": true
        },
        {
          ""isExcluded"": false,
          ""concept"": {
            ""INVALID_REASON_CAPTION"": ""Valid"",
            ""CONCEPT_ID"": 4082850,
            ""STANDARD_CONCEPT"": ""S"",
            ""CONCEPT_CODE"": ""241687005"",
            ""VOCABULARY_ID"": ""SNOMED"",
            ""CONCEPT_NAME"": ""Induction of general anesthesia"",
            ""DOMAIN_ID"": ""Procedure"",
            ""STANDARD_CONCEPT_CAPTION"": ""Standard"",
            ""CONCEPT_CLASS_ID"": ""Procedure"",
            ""INVALID_REASON"": ""V""
          },
          ""includeMapped"": false,
          ""includeDescendants"": true
        },
        {
          ""isExcluded"": false,
          ""concept"": {
            ""INVALID_REASON_CAPTION"": ""Valid"",
            ""CONCEPT_ID"": 4118897,
            ""STANDARD_CONCEPT"": ""S"",
            ""CONCEPT_CODE"": ""288185006"",
            ""VOCABULARY_ID"": ""SNOMED"",
            ""CONCEPT_NAME"": ""Inhalation general anesthesia"",
            ""DOMAIN_ID"": ""Procedure"",
            ""STANDARD_CONCEPT_CAPTION"": ""Standard"",
            ""CONCEPT_CLASS_ID"": ""Procedure"",
            ""INVALID_REASON"": ""V""
          },
          ""includeMapped"": false,
          ""includeDescendants"": true
        },
        {
          ""isExcluded"": false,
          ""concept"": {
            ""INVALID_REASON_CAPTION"": ""Valid"",
            ""CONCEPT_ID"": 4082996,
            ""STANDARD_CONCEPT"": ""S"",
            ""CONCEPT_CODE"": ""241688000"",
            ""VOCABULARY_ID"": ""SNOMED"",
            ""CONCEPT_NAME"": ""Intravenous induction of general anesthesia"",
            ""DOMAIN_ID"": ""Procedure"",
            ""STANDARD_CONCEPT_CAPTION"": ""Standard"",
            ""CONCEPT_CLASS_ID"": ""Procedure"",
            ""INVALID_REASON"": ""V""
          },
          ""includeMapped"": false,
          ""includeDescendants"": true
        },
        {
          ""isExcluded"": false,
          ""concept"": {
            ""INVALID_REASON_CAPTION"": ""Valid"",
            ""CONCEPT_ID"": 4086417,
            ""STANDARD_CONCEPT"": ""S"",
            ""CONCEPT_CODE"": ""241695009"",
            ""VOCABULARY_ID"": ""SNOMED"",
            ""CONCEPT_NAME"": ""Maintenance of general anesthesia"",
            ""DOMAIN_ID"": ""Procedure"",
            ""STANDARD_CONCEPT_CAPTION"": ""Standard"",
            ""CONCEPT_CLASS_ID"": ""Procedure"",
            ""INVALID_REASON"": ""V""
          },
          ""includeMapped"": false,
          ""includeDescendants"": true
        },
        {
          ""isExcluded"": false,
          ""concept"": {
            ""INVALID_REASON_CAPTION"": ""Valid"",
            ""CONCEPT_ID"": 4332593,
            ""STANDARD_CONCEPT"": ""S"",
            ""CONCEPT_CODE"": ""231249005"",
            ""VOCABULARY_ID"": ""SNOMED"",
            ""CONCEPT_NAME"": ""Spinal anesthesia"",
            ""DOMAIN_ID"": ""Procedure"",
            ""STANDARD_CONCEPT_CAPTION"": ""Standard"",
            ""CONCEPT_CLASS_ID"": ""Procedure"",
            ""INVALID_REASON"": ""V""
          },
          ""includeMapped"": false,
          ""includeDescendants"": true
        }
      ]},
      ""name"": ""[jm] gea_total"",
      ""id"": 7
    }
  ],
  ""EndStrategy"": {""DateOffset"": {
    ""DateField"": ""StartDate"",
    ""Offset"": 60
  }},
  ""cdmVersionRange"": "">=5.0.0"",
  ""CensoringCriteria"": [{""ProcedureOccurrence"": {
    ""ProcedureType"": null,
    ""CorrelatedCriteria"": null,
    ""CodesetId"": 6,
    ""ProcedureSourceConcept"": null,
    ""Quantity"": null,
    ""ProviderSpecialty"": null,
    ""Gender"": null,
    ""ProcedureTypeExclude"": false,
    ""VisitType"": null,
    ""First"": null,
    ""OccurrenceStartDate"": null,
    ""Modifier"": null,
    ""Age"": null
  }}],
  ""QualifiedLimit"": {""Type"": ""First""},
  ""InclusionRules"": [{
    ""expression"": {
      ""CriteriaList"": [{
        ""RestrictVisit"": false,
        ""StartWindow"": {
          ""UseEventEnd"": false,
          ""Start"": {
            ""Days"": 60,
            ""Coeff"": -1
          },
          ""End"": {
            ""Days"": 1,
            ""Coeff"": -1
          },
          ""UseIndexEnd"": false
        },
        ""IgnoreObservationPeriod"": false,
        ""EndWindow"": null,
        ""Criteria"": {""ProcedureOccurrence"": {
          ""ProcedureType"": null,
          ""CorrelatedCriteria"": null,
          ""CodesetId"": 7,
          ""ProcedureSourceConcept"": null,
          ""Quantity"": null,
          ""ProviderSpecialty"": null,
          ""Gender"": null,
          ""ProcedureTypeExclude"": false,
          ""VisitType"": null,
          ""First"": null,
          ""OccurrenceStartDate"": null,
          ""Modifier"": null,
          ""Age"": null
        }},
        ""Occurrence"": {
          ""Type"": 0,
          ""IsDistinct"": false,
          ""Count"": 0
        }
      }],
      ""Type"": ""ANY"",
      ""DemographicCriteriaList"": [],
      ""Groups"": [],
      ""Count"": null
    },
    ""name"": ""no surgery in 60 days"",
    ""description"": null
  }],
  ""PrimaryCriteria"": {
    ""CriteriaList"": [{""ProcedureOccurrence"": {
      ""ProcedureType"": null,
      ""CorrelatedCriteria"": {
        ""CriteriaList"": [
          {
            ""RestrictVisit"": false,
            ""StartWindow"": {
              ""UseEventEnd"": false,
              ""Start"": {
                ""Days"": 0,
                ""Coeff"": -1
              },
              ""End"": {
                ""Days"": 0,
                ""Coeff"": 1
              },
              ""UseIndexEnd"": false
            },
            ""IgnoreObservationPeriod"": false,
            ""EndWindow"": null,
            ""Criteria"": {""ProcedureOccurrence"": {
              ""ProcedureType"": null,
              ""CorrelatedCriteria"": null,
              ""CodesetId"": 3,
              ""ProcedureSourceConcept"": null,
              ""Quantity"": null,
              ""ProviderSpecialty"": null,
              ""Gender"": null,
              ""ProcedureTypeExclude"": false,
              ""VisitType"": null,
              ""First"": null,
              ""OccurrenceStartDate"": null,
              ""Modifier"": null,
              ""Age"": null
            }},
            ""Occurrence"": {
              ""Type"": 2,
              ""IsDistinct"": false,
              ""Count"": 1
            }
          },
          {
            ""RestrictVisit"": false,
            ""StartWindow"": {
              ""UseEventEnd"": false,
              ""Start"": {
                ""Days"": 30,
                ""Coeff"": -1
              },
              ""End"": {
                ""Days"": 0,
                ""Coeff"": 1
              },
              ""UseIndexEnd"": false
            },
            ""IgnoreObservationPeriod"": false,
            ""EndWindow"": null,
            ""Criteria"": {""ConditionOccurrence"": {
              ""OccurrenceEndDate"": null,
              ""CorrelatedCriteria"": null,
              ""ConditionTypeExclude"": false,
              ""CodesetId"": 3,
              ""ProviderSpecialty"": null,
              ""Gender"": null,
              ""VisitType"": null,
              ""First"": null,
              ""OccurrenceStartDate"": null,
              ""ConditionType"": null,
              ""ConditionSourceConcept"": null,
              ""StopReason"": null,
              ""Age"": null
            }},
            ""Occurrence"": {
              ""Type"": 2,
              ""IsDistinct"": false,
              ""Count"": 1
            }
          }
        ],
        ""Type"": ""ALL"",
        ""DemographicCriteriaList"": [],
        ""Groups"": [],
        ""Count"": null
      },
      ""CodesetId"": 2,
      ""ProcedureSourceConcept"": null,
      ""Quantity"": null,
      ""ProviderSpecialty"": null,
      ""Gender"": null,
      ""ProcedureTypeExclude"": false,
      ""VisitType"": null,
      ""First"": null,
      ""OccurrenceStartDate"": null,
      ""Modifier"": null,
      ""Age"": {
        ""Op"": ""gt"",
        ""Extent"": null,
        ""Value"": 49
      }
    }}],
    ""PrimaryCriteriaLimit"": {""Type"": ""First""},
    ""ObservationWindow"": {
      ""PostDays"": 0,
      ""PriorDays"": 1
    }
  }
}"
8047,"[jml] lower extremity surgery_ga(main)","{
  ""ExpressionLimit"": {""Type"": ""All""},
  ""CollapseSettings"": {
    ""CollapseType"": ""ERA"",
    ""EraPad"": 0
  },
  ""CensorWindow"": {
    ""StartDate"": null,
    ""EndDate"": null
  },
  ""ConceptSets"": [
    {
      ""expression"": {""items"": [
        {
          ""isExcluded"": false,
          ""concept"": {
            ""INVALID_REASON_CAPTION"": ""Valid"",
            ""CONCEPT_ID"": 4174669,
            ""STANDARD_CONCEPT"": ""S"",
            ""CONCEPT_CODE"": ""50697003"",
            ""VOCABULARY_ID"": ""SNOMED"",
            ""CONCEPT_NAME"": ""Administration of general anesthetic"",
            ""DOMAIN_ID"": ""Procedure"",
            ""STANDARD_CONCEPT_CAPTION"": ""Standard"",
            ""CONCEPT_CLASS_ID"": ""Procedure"",
            ""INVALID_REASON"": ""V""
          },
          ""includeMapped"": false,
          ""includeDescendants"": true
        },
        {
          ""isExcluded"": false,
          ""concept"": {
            ""INVALID_REASON_CAPTION"": ""Valid"",
            ""CONCEPT_ID"": 4145786,
            ""STANDARD_CONCEPT"": ""S"",
            ""CONCEPT_CODE"": ""266802007"",
            ""VOCABULARY_ID"": ""SNOMED"",
            ""CONCEPT_NAME"": ""Endotracheal anesthesia"",
            ""DOMAIN_ID"": ""Procedure"",
            ""STANDARD_CONCEPT_CAPTION"": ""Standard"",
            ""CONCEPT_CLASS_ID"": ""Procedure"",
            ""INVALID_REASON"": ""V""
          },
          ""includeMapped"": false,
          ""includeDescendants"": true
        },
        {
          ""isExcluded"": true,
          ""concept"": {
            ""INVALID_REASON_CAPTION"": ""Valid"",
            ""CONCEPT_ID"": 4078199,
            ""STANDARD_CONCEPT"": ""S"",
            ""CONCEPT_CODE"": ""18946005"",
            ""VOCABULARY_ID"": ""SNOMED"",
            ""CONCEPT_NAME"": ""Epidural anesthesia"",
            ""DOMAIN_ID"": ""Procedure"",
            ""STANDARD_CONCEPT_CAPTION"": ""Standard"",
            ""CONCEPT_CLASS_ID"": ""Procedure"",
            ""INVALID_REASON"": ""V""
          },
          ""includeMapped"": false,
          ""includeDescendants"": true
        },
        {
          ""isExcluded"": false,
          ""concept"": {
            ""INVALID_REASON_CAPTION"": ""Valid"",
            ""CONCEPT_ID"": 4082850,
            ""STANDARD_CONCEPT"": ""S"",
            ""CONCEPT_CODE"": ""241687005"",
            ""VOCABULARY_ID"": ""SNOMED"",
            ""CONCEPT_NAME"": ""Induction of general anesthesia"",
            ""DOMAIN_ID"": ""Procedure"",
            ""STANDARD_CONCEPT_CAPTION"": ""Standard"",
            ""CONCEPT_CLASS_ID"": ""Procedure"",
            ""INVALID_REASON"": ""V""
          },
          ""includeMapped"": false,
          ""includeDescendants"": true
        },
        {
          ""isExcluded"": false,
          ""concept"": {
            ""INVALID_REASON_CAPTION"": ""Valid"",
            ""CONCEPT_ID"": 4118897,
            ""STANDARD_CONCEPT"": ""S"",
            ""CONCEPT_CODE"": ""288185006"",
            ""VOCABULARY_ID"": ""SNOMED"",
            ""CONCEPT_NAME"": ""Inhalation general anesthesia"",
            ""DOMAIN_ID"": ""Procedure"",
            ""STANDARD_CONCEPT_CAPTION"": ""Standard"",
            ""CONCEPT_CLASS_ID"": ""Procedure"",
            ""INVALID_REASON"": ""V""
          },
          ""includeMapped"": false,
          ""includeDescendants"": true
        },
        {
          ""isExcluded"": false,
          ""concept"": {
            ""INVALID_REASON_CAPTION"": ""Valid"",
            ""CONCEPT_ID"": 4082996,
            ""STANDARD_CONCEPT"": ""S"",
            ""CONCEPT_CODE"": ""241688000"",
            ""VOCABULARY_ID"": ""SNOMED"",
            ""CONCEPT_NAME"": ""Intravenous induction of general anesthesia"",
            ""DOMAIN_ID"": ""Procedure"",
            ""STANDARD_CONCEPT_CAPTION"": ""Standard"",
            ""CONCEPT_CLASS_ID"": ""Procedure"",
            ""INVALID_REASON"": ""V""
          },
          ""includeMapped"": false,
          ""includeDescendants"": true
        },
        {
          ""isExcluded"": false,
          ""concept"": {
            ""INVALID_REASON_CAPTION"": ""Valid"",
            ""CONCEPT_ID"": 4086417,
            ""STANDARD_CONCEPT"": ""S"",
            ""CONCEPT_CODE"": ""241695009"",
            ""VOCABULARY_ID"": ""SNOMED"",
            ""CONCEPT_NAME"": ""Maintenance of general anesthesia"",
            ""DOMAIN_ID"": ""Procedure"",
            ""STANDARD_CONCEPT_CAPTION"": ""Standard"",
            ""CONCEPT_CLASS_ID"": ""Procedure"",
            ""INVALID_REASON"": ""V""
          },
          ""includeMapped"": false,
          ""includeDescendants"": true
        },
        {
          ""isExcluded"": true,
          ""concept"": {
            ""INVALID_REASON_CAPTION"": ""Valid"",
            ""CONCEPT_ID"": 4332593,
            ""STANDARD_CONCEPT"": ""S"",
            ""CONCEPT_CODE"": ""231249005"",
            ""VOCABULARY_ID"": ""SNOMED"",
            ""CONCEPT_NAME"": ""Spinal anesthesia"",
            ""DOMAIN_ID"": ""Procedure"",
            ""STANDARD_CONCEPT_CAPTION"": ""Standard"",
            ""CONCEPT_CLASS_ID"": ""Procedure"",
            ""INVALID_REASON"": ""V""
          },
          ""includeMapped"": false,
          ""includeDescendants"": true
        }
      ]},
      ""name"": ""[jml] general anesthesia_only"",
      ""id"": 5
    },
    {
      ""expression"": {""items"": [
        {
          ""isExcluded"": false,
          ""concept"": {
            ""INVALID_REASON_CAPTION"": ""Valid"",
            ""CONCEPT_ID"": 4321258,
            ""STANDARD_CONCEPT"": ""S"",
            ""CONCEPT_CODE"": ""9874008"",
            ""VOCABULARY_ID"": ""SNOMED"",
            ""CONCEPT_NAME"": ""Arthrectomy of hip"",
            ""DOMAIN_ID"": ""Procedure"",
            ""STANDARD_CONCEPT_CAPTION"": ""Standard"",
            ""CONCEPT_CLASS_ID"": ""Procedure"",
            ""INVALID_REASON"": ""V""
          },
          ""includeMapped"": false,
          ""includeDescendants"": true
        },
        {
          ""isExcluded"": false,
          ""concept"": {
            ""INVALID_REASON_CAPTION"": ""Valid"",
            ""CONCEPT_ID"": 4197548,
            ""STANDARD_CONCEPT"": ""S"",
            ""CONCEPT_CODE"": ""51531004"",
            ""VOCABULARY_ID"": ""SNOMED"",
            ""CONCEPT_NAME"": ""Arthrectomy of knee"",
            ""DOMAIN_ID"": ""Procedure"",
            ""STANDARD_CONCEPT_CAPTION"": ""Standard"",
            ""CONCEPT_CLASS_ID"": ""Procedure"",
            ""INVALID_REASON"": ""V""
          },
          ""includeMapped"": false,
          ""includeDescendants"": true
        },
        {
          ""isExcluded"": false,
          ""concept"": {
            ""INVALID_REASON_CAPTION"": ""Valid"",
            ""CONCEPT_ID"": 4270051,
            ""STANDARD_CONCEPT"": ""S"",
            ""CONCEPT_CODE"": ""63513005"",
            ""VOCABULARY_ID"": ""SNOMED"",
            ""CONCEPT_NAME"": ""Arthrodesis of ankle"",
            ""DOMAIN_ID"": ""Procedure"",
            ""STANDARD_CONCEPT_CAPTION"": ""Standard"",
            ""CONCEPT_CLASS_ID"": ""Procedure"",
            ""INVALID_REASON"": ""V""
          },
          ""includeMapped"": false,
          ""includeDescendants"": true
        },
        {
          ""isExcluded"": false,
          ""concept"": {
            ""INVALID_REASON_CAPTION"": ""Valid"",
            ""CONCEPT_ID"": 4167075,
            ""STANDARD_CONCEPT"": ""S"",
            ""CONCEPT_CODE"": ""274056002"",
            ""VOCABULARY_ID"": ""SNOMED"",
            ""CONCEPT_NAME"": ""Arthrodesis of knee"",
            ""DOMAIN_ID"": ""Procedure"",
            ""STANDARD_CONCEPT_CAPTION"": ""Standard"",
            ""CONCEPT_CLASS_ID"": ""Procedure"",
            ""INVALID_REASON"": ""V""
          },
          ""includeMapped"": false,
          ""includeDescendants"": true
        },
        {
          ""isExcluded"": false,
          ""concept"": {
            ""INVALID_REASON_CAPTION"": ""Valid"",
            ""CONCEPT_ID"": 4132136,
            ""STANDARD_CONCEPT"": ""S"",
            ""CONCEPT_CODE"": ""26675009"",
            ""VOCABULARY_ID"": ""SNOMED"",
            ""CONCEPT_NAME"": ""Arthroplasty of ankle with implant"",
            ""DOMAIN_ID"": ""Procedure"",
            ""STANDARD_CONCEPT_CAPTION"": ""Standard"",
            ""CONCEPT_CLASS_ID"": ""Procedure"",
            ""INVALID_REASON"": ""V""
          },
          ""includeMapped"": false,
          ""includeDescendants"": true
        },
        {
          ""isExcluded"": false,
          ""concept"": {
            ""INVALID_REASON_CAPTION"": ""Valid"",
            ""CONCEPT_ID"": 4078547,
            ""STANDARD_CONCEPT"": ""S"",
            ""CONCEPT_CODE"": ""19063003"",
            ""VOCABULARY_ID"": ""SNOMED"",
            ""CONCEPT_NAME"": ""Arthroplasty of knee"",
            ""DOMAIN_ID"": ""Procedure"",
            ""STANDARD_CONCEPT_CAPTION"": ""Standard"",
            ""CONCEPT_CLASS_ID"": ""Procedure"",
            ""INVALID_REASON"": ""V""
          },
          ""includeMapped"": false,
          ""includeDescendants"": true
        },
        {
          ""isExcluded"": false,
          ""concept"": {
            ""INVALID_REASON_CAPTION"": ""Valid"",
            ""CONCEPT_ID"": 4301340,
            ""STANDARD_CONCEPT"": ""S"",
            ""CONCEPT_CODE"": ""387648001"",
            ""VOCABULARY_ID"": ""SNOMED"",
            ""CONCEPT_NAME"": ""Arthroplasty of the ankle"",
            ""DOMAIN_ID"": ""Procedure"",
            ""STANDARD_CONCEPT_CAPTION"": ""Standard"",
            ""CONCEPT_CLASS_ID"": ""Procedure"",
            ""INVALID_REASON"": ""V""
          },
          ""includeMapped"": false,
          ""includeDescendants"": true
        },
        {
          ""isExcluded"": false,
          ""concept"": {
            ""INVALID_REASON_CAPTION"": ""Valid"",
            ""CONCEPT_ID"": 4268018,
            ""STANDARD_CONCEPT"": ""S"",
            ""CONCEPT_CODE"": ""6188005"",
            ""VOCABULARY_ID"": ""SNOMED"",
            ""CONCEPT_NAME"": ""Arthrotomy of knee"",
            ""DOMAIN_ID"": ""Procedure"",
            ""STANDARD_CONCEPT_CAPTION"": ""Standard"",
            ""CONCEPT_CLASS_ID"": ""Procedure"",
            ""INVALID_REASON"": ""V""
          },
          ""includeMapped"": false,
          ""includeDescendants"": true
        },
        {
          ""isExcluded"": false,
          ""concept"": {
            ""INVALID_REASON_CAPTION"": ""Valid"",
            ""CONCEPT_ID"": 4012182,
            ""STANDARD_CONCEPT"": ""S"",
            ""CONCEPT_CODE"": ""112777008"",
            ""VOCABULARY_ID"": ""SNOMED"",
            ""CONCEPT_NAME"": ""Closed reduction of fracture of femur"",
            ""DOMAIN_ID"": ""Procedure"",
            ""STANDARD_CONCEPT_CAPTION"": ""Standard"",
            ""CONCEPT_CLASS_ID"": ""Procedure"",
            ""INVALID_REASON"": ""V""
          },
          ""includeMapped"": false,
          ""includeDescendants"": true
        },
        {
          ""isExcluded"": false,
          ""concept"": {
            ""INVALID_REASON_CAPTION"": ""Valid"",
            ""CONCEPT_ID"": 4330849,
            ""STANDARD_CONCEPT"": ""S"",
            ""CONCEPT_CODE"": ""22415008"",
            ""VOCABULARY_ID"": ""SNOMED"",
            ""CONCEPT_NAME"": ""Closed reduction of fracture of fibula"",
            ""DOMAIN_ID"": ""Procedure"",
            ""STANDARD_CONCEPT_CAPTION"": ""Standard"",
            ""CONCEPT_CLASS_ID"": ""Procedure"",
            ""INVALID_REASON"": ""V""
          },
          ""includeMapped"": false,
          ""includeDescendants"": true
        },
        {
          ""isExcluded"": false,
          ""concept"": {
            ""INVALID_REASON_CAPTION"": ""Valid"",
            ""CONCEPT_ID"": 4067547,
            ""STANDARD_CONCEPT"": ""S"",
            ""CONCEPT_CODE"": ""20278008"",
            ""VOCABULARY_ID"": ""SNOMED"",
            ""CONCEPT_NAME"": ""Closed reduction of fracture of tibia"",
            ""DOMAIN_ID"": ""Procedure"",
            ""STANDARD_CONCEPT_CAPTION"": ""Standard"",
            ""CONCEPT_CLASS_ID"": ""Procedure"",
            ""INVALID_REASON"": ""V""
          },
          ""includeMapped"": false,
          ""includeDescendants"": true
        },
        {
          ""isExcluded"": false,
          ""concept"": {
            ""INVALID_REASON_CAPTION"": ""Valid"",
            ""CONCEPT_ID"": 4003051,
            ""STANDARD_CONCEPT"": ""S"",
            ""CONCEPT_CODE"": ""119607002"",
            ""VOCABULARY_ID"": ""SNOMED"",
            ""CONCEPT_NAME"": ""Hip joint incision"",
            ""DOMAIN_ID"": ""Procedure"",
            ""STANDARD_CONCEPT_CAPTION"": ""Standard"",
            ""CONCEPT_CLASS_ID"": ""Procedure"",
            ""INVALID_REASON"": ""V""
          },
          ""includeMapped"": false,
          ""includeDescendants"": true
        },
        {
          ""isExcluded"": false,
          ""concept"": {
            ""INVALID_REASON_CAPTION"": ""Valid"",
            ""CONCEPT_ID"": 4294667,
            ""STANDARD_CONCEPT"": ""S"",
            ""CONCEPT_CODE"": ""75582008"",
            ""VOCABULARY_ID"": ""SNOMED"",
            ""CONCEPT_NAME"": ""Open reduction of dislocation of hip"",
            ""DOMAIN_ID"": ""Procedure"",
            ""STANDARD_CONCEPT_CAPTION"": ""Standard"",
            ""CONCEPT_CLASS_ID"": ""Procedure"",
            ""INVALID_REASON"": ""V""
          },
          ""includeMapped"": false,
          ""includeDescendants"": true
        },
        {
          ""isExcluded"": false,
          ""concept"": {
            ""INVALID_REASON_CAPTION"": ""Valid"",
            ""CONCEPT_ID"": 4136219,
            ""STANDARD_CONCEPT"": ""S"",
            ""CONCEPT_CODE"": ""31951004"",
            ""VOCABULARY_ID"": ""SNOMED"",
            ""CONCEPT_NAME"": ""Open reduction of dislocation of knee"",
            ""DOMAIN_ID"": ""Procedure"",
            ""STANDARD_CONCEPT_CAPTION"": ""Standard"",
            ""CONCEPT_CLASS_ID"": ""Procedure"",
            ""INVALID_REASON"": ""V""
          },
          ""includeMapped"": false,
          ""includeDescendants"": true
        },
        {
          ""isExcluded"": false,
          ""concept"": {
            ""INVALID_REASON_CAPTION"": ""Valid"",
            ""CONCEPT_ID"": 2104934,
            ""STANDARD_CONCEPT"": ""S"",
            ""CONCEPT_CODE"": ""27254"",
            ""VOCABULARY_ID"": ""CPT4"",
            ""CONCEPT_NAME"": ""Open treatment of hip dislocation, traumatic, with acetabular wall and femoral head fracture, with or without internal or external fixation"",
            ""DOMAIN_ID"": ""Procedure"",
            ""STANDARD_CONCEPT_CAPTION"": ""Standard"",
            ""CONCEPT_CLASS_ID"": ""CPT4"",
            ""INVALID_REASON"": ""V""
          },
          ""includeMapped"": false,
          ""includeDescendants"": true
        },
        {
          ""isExcluded"": false,
          ""concept"": {
            ""INVALID_REASON_CAPTION"": ""Valid"",
            ""CONCEPT_ID"": 4187965,
            ""STANDARD_CONCEPT"": ""S"",
            ""CONCEPT_CODE"": ""373196008"",
            ""VOCABULARY_ID"": ""SNOMED"",
            ""CONCEPT_NAME"": ""Operative procedure on bone of lower extremity"",
            ""DOMAIN_ID"": ""Procedure"",
            ""STANDARD_CONCEPT_CAPTION"": ""Standard"",
            ""CONCEPT_CLASS_ID"": ""Procedure"",
            ""INVALID_REASON"": ""V""
          },
          ""includeMapped"": false,
          ""includeDescendants"": true
        },
        {
          ""isExcluded"": false,
          ""concept"": {
            ""INVALID_REASON_CAPTION"": ""Valid"",
            ""CONCEPT_ID"": 4267745,
            ""STANDARD_CONCEPT"": ""S"",
            ""CONCEPT_CODE"": ""61661004"",
            ""VOCABULARY_ID"": ""SNOMED"",
            ""CONCEPT_NAME"": ""Operative procedure on foot"",
            ""DOMAIN_ID"": ""Procedure"",
            ""STANDARD_CONCEPT_CAPTION"": ""Standard"",
            ""CONCEPT_CLASS_ID"": ""Procedure"",
            ""INVALID_REASON"": ""V""
          },
          ""includeMapped"": false,
          ""includeDescendants"": true
        },
        {
          ""isExcluded"": false,
          ""concept"": {
            ""INVALID_REASON_CAPTION"": ""Valid"",
            ""CONCEPT_ID"": 4327115,
            ""STANDARD_CONCEPT"": ""S"",
            ""CONCEPT_CODE"": ""429772001"",
            ""VOCABULARY_ID"": ""SNOMED"",
            ""CONCEPT_NAME"": ""Operative procedure on hip"",
            ""DOMAIN_ID"": ""Procedure"",
            ""STANDARD_CONCEPT_CAPTION"": ""Standard"",
            ""CONCEPT_CLASS_ID"": ""Procedure"",
            ""INVALID_REASON"": ""V""
          },
          ""includeMapped"": false,
          ""includeDescendants"": true
        },
        {
          ""isExcluded"": false,
          ""concept"": {
            ""INVALID_REASON_CAPTION"": ""Valid"",
            ""CONCEPT_ID"": 4184453,
            ""STANDARD_CONCEPT"": ""S"",
            ""CONCEPT_CODE"": ""545001"",
            ""VOCABULARY_ID"": ""SNOMED"",
            ""CONCEPT_NAME"": ""Operative procedure on lower leg"",
            ""DOMAIN_ID"": ""Procedure"",
            ""STANDARD_CONCEPT_CAPTION"": ""Standard"",
            ""CONCEPT_CLASS_ID"": ""Procedure"",
            ""INVALID_REASON"": ""V""
          },
          ""includeMapped"": false,
          ""includeDescendants"": true
        },
        {
          ""isExcluded"": false,
          ""concept"": {
            ""INVALID_REASON_CAPTION"": ""Valid"",
            ""CONCEPT_ID"": 4297365,
            ""STANDARD_CONCEPT"": ""S"",
            ""CONCEPT_CODE"": ""386649003"",
            ""VOCABULARY_ID"": ""SNOMED"",
            ""CONCEPT_NAME"": ""Partial hip replacement by prosthesis"",
            ""DOMAIN_ID"": ""Procedure"",
            ""STANDARD_CONCEPT_CAPTION"": ""Standard"",
            ""CONCEPT_CLASS_ID"": ""Procedure"",
            ""INVALID_REASON"": ""V""
          },
          ""includeMapped"": false,
          ""includeDescendants"": true
        },
        {
          ""isExcluded"": false,
          ""concept"": {
            ""INVALID_REASON_CAPTION"": ""Valid"",
            ""CONCEPT_ID"": 4249586,
            ""STANDARD_CONCEPT"": ""S"",
            ""CONCEPT_CODE"": ""7306006"",
            ""VOCABULARY_ID"": ""SNOMED"",
            ""CONCEPT_NAME"": ""Partial ostectomy of tibia and fibula"",
            ""DOMAIN_ID"": ""Procedure"",
            ""STANDARD_CONCEPT_CAPTION"": ""Standard"",
            ""CONCEPT_CLASS_ID"": ""Procedure"",
            ""INVALID_REASON"": ""V""
          },
          ""includeMapped"": false,
          ""includeDescendants"": true
        },
        {
          ""isExcluded"": false,
          ""concept"": {
            ""INVALID_REASON_CAPTION"": ""Valid"",
            ""CONCEPT_ID"": 4134857,
            ""STANDARD_CONCEPT"": ""S"",
            ""CONCEPT_CODE"": ""398010007"",
            ""VOCABULARY_ID"": ""SNOMED"",
            ""CONCEPT_NAME"": ""Prosthetic arthroplasty of hip"",
            ""DOMAIN_ID"": ""Procedure"",
            ""STANDARD_CONCEPT_CAPTION"": ""Standard"",
            ""CONCEPT_CLASS_ID"": ""Procedure"",
            ""INVALID_REASON"": ""V""
          },
          ""includeMapped"": false,
          ""includeDescendants"": true
        },
        {
          ""isExcluded"": false,
          ""concept"": {
            ""INVALID_REASON_CAPTION"": ""Valid"",
            ""CONCEPT_ID"": 1242869,
            ""STANDARD_CONCEPT"": ""S"",
            ""CONCEPT_CODE"": ""1288025000"",
            ""VOCABULARY_ID"": ""SNOMED"",
            ""CONCEPT_NAME"": ""Prosthetic arthroplasty of joint"",
            ""DOMAIN_ID"": ""Procedure"",
            ""STANDARD_CONCEPT_CAPTION"": ""Standard"",
            ""CONCEPT_CLASS_ID"": ""Procedure"",
            ""INVALID_REASON"": ""V""
          },
          ""includeMapped"": false,
          ""includeDescendants"": true
        },
        {
          ""isExcluded"": false,
          ""concept"": {
            ""INVALID_REASON_CAPTION"": ""Valid"",
            ""CONCEPT_ID"": 4311039,
            ""STANDARD_CONCEPT"": ""S"",
            ""CONCEPT_CODE"": ""392238003"",
            ""VOCABULARY_ID"": ""SNOMED"",
            ""CONCEPT_NAME"": ""Prosthetic arthroplasty of knee joint"",
            ""DOMAIN_ID"": ""Procedure"",
            ""STANDARD_CONCEPT_CAPTION"": ""Standard"",
            ""CONCEPT_CLASS_ID"": ""Procedure"",
            ""INVALID_REASON"": ""V""
          },
          ""includeMapped"": false,
          ""includeDescendants"": true
        },
        {
          ""isExcluded"": true,
          ""concept"": {
            ""INVALID_REASON_CAPTION"": ""Valid"",
            ""CONCEPT_ID"": 4205526,
            ""STANDARD_CONCEPT"": ""S"",
            ""CONCEPT_CODE"": ""308681004"",
            ""VOCABULARY_ID"": ""SNOMED"",
            ""CONCEPT_NAME"": ""Prosthetic arthroplasty of shoulder"",
            ""DOMAIN_ID"": ""Procedure"",
            ""STANDARD_CONCEPT_CAPTION"": ""Standard"",
            ""CONCEPT_CLASS_ID"": ""Procedure"",
            ""INVALID_REASON"": ""V""
          },
          ""includeMapped"": false,
          ""includeDescendants"": true
        },
        {
          ""isExcluded"": false,
          ""concept"": {
            ""INVALID_REASON_CAPTION"": ""Valid"",
            ""CONCEPT_ID"": 40490972,
            ""STANDARD_CONCEPT"": ""S"",
            ""CONCEPT_CODE"": ""448649009"",
            ""VOCABULARY_ID"": ""SNOMED"",
            ""CONCEPT_NAME"": ""Prosthetic hemiarthroplasty of articulation of bone"",
            ""DOMAIN_ID"": ""Procedure"",
            ""STANDARD_CONCEPT_CAPTION"": ""Standard"",
            ""CONCEPT_CLASS_ID"": ""Procedure"",
            ""INVALID_REASON"": ""V""
          },
          ""includeMapped"": false,
          ""includeDescendants"": true
        },
        {
          ""isExcluded"": true,
          ""concept"": {
            ""INVALID_REASON_CAPTION"": ""Valid"",
            ""CONCEPT_ID"": 4034250,
            ""STANDARD_CONCEPT"": ""S"",
            ""CONCEPT_CODE"": ""239469004"",
            ""VOCABULARY_ID"": ""SNOMED"",
            ""CONCEPT_NAME"": ""Prosthetic hemiarthroplasty of the shoulder"",
            ""DOMAIN_ID"": ""Procedure"",
            ""STANDARD_CONCEPT_CAPTION"": ""Standard"",
            ""CONCEPT_CLASS_ID"": ""Procedure"",
            ""INVALID_REASON"": ""V""
          },
          ""includeMapped"": false,
          ""includeDescendants"": true
        },
        {
          ""isExcluded"": false,
          ""concept"": {
            ""INVALID_REASON_CAPTION"": ""Valid"",
            ""CONCEPT_ID"": 4165513,
            ""STANDARD_CONCEPT"": ""S"",
            ""CONCEPT_CODE"": ""47458005"",
            ""VOCABULARY_ID"": ""SNOMED"",
            ""CONCEPT_NAME"": ""Repair of hip"",
            ""DOMAIN_ID"": ""Procedure"",
            ""STANDARD_CONCEPT_CAPTION"": ""Standard"",
            ""CONCEPT_CLASS_ID"": ""Procedure"",
            ""INVALID_REASON"": ""V""
          },
          ""includeMapped"": false,
          ""includeDescendants"": true
        },
        {
          ""isExcluded"": false,
          ""concept"": {
            ""INVALID_REASON_CAPTION"": ""Valid"",
            ""CONCEPT_ID"": 4090926,
            ""STANDARD_CONCEPT"": ""S"",
            ""CONCEPT_CODE"": ""280460009"",
            ""VOCABULARY_ID"": ""SNOMED"",
            ""CONCEPT_NAME"": ""Revision of hip arthroplasty"",
            ""DOMAIN_ID"": ""Procedure"",
            ""STANDARD_CONCEPT_CAPTION"": ""Standard"",
            ""CONCEPT_CLASS_ID"": ""Procedure"",
            ""INVALID_REASON"": ""V""
          },
          ""includeMapped"": false,
          ""includeDescendants"": true
        },
        {
          ""isExcluded"": false,
          ""concept"": {
            ""INVALID_REASON_CAPTION"": ""Valid"",
            ""CONCEPT_ID"": 4090451,
            ""STANDARD_CONCEPT"": ""S"",
            ""CONCEPT_CODE"": ""280462001"",
            ""VOCABULARY_ID"": ""SNOMED"",
            ""CONCEPT_NAME"": ""Revision of knee arthroplasty"",
            ""DOMAIN_ID"": ""Procedure"",
            ""STANDARD_CONCEPT_CAPTION"": ""Standard"",
            ""CONCEPT_CLASS_ID"": ""Procedure"",
            ""INVALID_REASON"": ""V""
          },
          ""includeMapped"": false,
          ""includeDescendants"": true
        },
        {
          ""isExcluded"": false,
          ""concept"": {
            ""INVALID_REASON_CAPTION"": ""Valid"",
            ""CONCEPT_ID"": 4010119,
            ""STANDARD_CONCEPT"": ""S"",
            ""CONCEPT_CODE"": ""112727005"",
            ""VOCABULARY_ID"": ""SNOMED"",
            ""CONCEPT_NAME"": ""Revision of prosthetic replacement of hip joint"",
            ""DOMAIN_ID"": ""Procedure"",
            ""STANDARD_CONCEPT_CAPTION"": ""Standard"",
            ""CONCEPT_CLASS_ID"": ""Procedure"",
            ""INVALID_REASON"": ""V""
          },
          ""includeMapped"": false,
          ""includeDescendants"": true
        },
        {
          ""isExcluded"": false,
          ""concept"": {
            ""INVALID_REASON_CAPTION"": ""Valid"",
            ""CONCEPT_ID"": 4030028,
            ""STANDARD_CONCEPT"": ""S"",
            ""CONCEPT_CODE"": ""107784002"",
            ""VOCABULARY_ID"": ""SNOMED"",
            ""CONCEPT_NAME"": ""Surgical procedure on lower extremity"",
            ""DOMAIN_ID"": ""Procedure"",
            ""STANDARD_CONCEPT_CAPTION"": ""Standard"",
            ""CONCEPT_CLASS_ID"": ""Procedure"",
            ""INVALID_REASON"": ""V""
          },
          ""includeMapped"": false,
          ""includeDescendants"": true
        },
        {
          ""isExcluded"": false,
          ""concept"": {
            ""INVALID_REASON_CAPTION"": ""Valid"",
            ""CONCEPT_ID"": 43531648,
            ""STANDARD_CONCEPT"": ""S"",
            ""CONCEPT_CODE"": ""609588000"",
            ""VOCABULARY_ID"": ""SNOMED"",
            ""CONCEPT_NAME"": ""Total knee replacement"",
            ""DOMAIN_ID"": ""Procedure"",
            ""STANDARD_CONCEPT_CAPTION"": ""Standard"",
            ""CONCEPT_CLASS_ID"": ""Procedure"",
            ""INVALID_REASON"": ""V""
          },
          ""includeMapped"": false,
          ""includeDescendants"": true
        },
        {
          ""isExcluded"": false,
          ""concept"": {
            ""INVALID_REASON_CAPTION"": ""Valid"",
            ""CONCEPT_ID"": 4203771,
            ""STANDARD_CONCEPT"": ""S"",
            ""CONCEPT_CODE"": ""52734007"",
            ""VOCABULARY_ID"": ""SNOMED"",
            ""CONCEPT_NAME"": ""Total replacement of hip"",
            ""DOMAIN_ID"": ""Procedure"",
            ""STANDARD_CONCEPT_CAPTION"": ""Standard"",
            ""CONCEPT_CLASS_ID"": ""Procedure"",
            ""INVALID_REASON"": ""V""
          },
          ""includeMapped"": false,
          ""includeDescendants"": true
        }
      ]},
      ""name"": ""[jml] lower extremity surgery"",
      ""id"": 6
    },
    {
      ""expression"": {""items"": [
        {
          ""isExcluded"": false,
          ""concept"": {
            ""INVALID_REASON_CAPTION"": ""Valid"",
            ""CONCEPT_ID"": 4174669,
            ""STANDARD_CONCEPT"": ""S"",
            ""CONCEPT_CODE"": ""50697003"",
            ""VOCABULARY_ID"": ""SNOMED"",
            ""CONCEPT_NAME"": ""Administration of general anesthetic"",
            ""DOMAIN_ID"": ""Procedure"",
            ""STANDARD_CONCEPT_CAPTION"": ""Standard"",
            ""CONCEPT_CLASS_ID"": ""Procedure"",
            ""INVALID_REASON"": ""V""
          },
          ""includeMapped"": false,
          ""includeDescendants"": true
        },
        {
          ""isExcluded"": false,
          ""concept"": {
            ""INVALID_REASON_CAPTION"": ""Valid"",
            ""CONCEPT_ID"": 4145786,
            ""STANDARD_CONCEPT"": ""S"",
            ""CONCEPT_CODE"": ""266802007"",
            ""VOCABULARY_ID"": ""SNOMED"",
            ""CONCEPT_NAME"": ""Endotracheal anesthesia"",
            ""DOMAIN_ID"": ""Procedure"",
            ""STANDARD_CONCEPT_CAPTION"": ""Standard"",
            ""CONCEPT_CLASS_ID"": ""Procedure"",
            ""INVALID_REASON"": ""V""
          },
          ""includeMapped"": false,
          ""includeDescendants"": true
        },
        {
          ""isExcluded"": false,
          ""concept"": {
            ""INVALID_REASON_CAPTION"": ""Valid"",
            ""CONCEPT_ID"": 4082850,
            ""STANDARD_CONCEPT"": ""S"",
            ""CONCEPT_CODE"": ""241687005"",
            ""VOCABULARY_ID"": ""SNOMED"",
            ""CONCEPT_NAME"": ""Induction of general anesthesia"",
            ""DOMAIN_ID"": ""Procedure"",
            ""STANDARD_CONCEPT_CAPTION"": ""Standard"",
            ""CONCEPT_CLASS_ID"": ""Procedure"",
            ""INVALID_REASON"": ""V""
          },
          ""includeMapped"": false,
          ""includeDescendants"": true
        },
        {
          ""isExcluded"": false,
          ""concept"": {
            ""INVALID_REASON_CAPTION"": ""Valid"",
            ""CONCEPT_ID"": 4118897,
            ""STANDARD_CONCEPT"": ""S"",
            ""CONCEPT_CODE"": ""288185006"",
            ""VOCABULARY_ID"": ""SNOMED"",
            ""CONCEPT_NAME"": ""Inhalation general anesthesia"",
            ""DOMAIN_ID"": ""Procedure"",
            ""STANDARD_CONCEPT_CAPTION"": ""Standard"",
            ""CONCEPT_CLASS_ID"": ""Procedure"",
            ""INVALID_REASON"": ""V""
          },
          ""includeMapped"": false,
          ""includeDescendants"": true
        },
        {
          ""isExcluded"": false,
          ""concept"": {
            ""INVALID_REASON_CAPTION"": ""Valid"",
            ""CONCEPT_ID"": 4082996,
            ""STANDARD_CONCEPT"": ""S"",
            ""CONCEPT_CODE"": ""241688000"",
            ""VOCABULARY_ID"": ""SNOMED"",
            ""CONCEPT_NAME"": ""Intravenous induction of general anesthesia"",
            ""DOMAIN_ID"": ""Procedure"",
            ""STANDARD_CONCEPT_CAPTION"": ""Standard"",
            ""CONCEPT_CLASS_ID"": ""Procedure"",
            ""INVALID_REASON"": ""V""
          },
          ""includeMapped"": false,
          ""includeDescendants"": true
        },
        {
          ""isExcluded"": false,
          ""concept"": {
            ""INVALID_REASON_CAPTION"": ""Valid"",
            ""CONCEPT_ID"": 4086417,
            ""STANDARD_CONCEPT"": ""S"",
            ""CONCEPT_CODE"": ""241695009"",
            ""VOCABULARY_ID"": ""SNOMED"",
            ""CONCEPT_NAME"": ""Maintenance of general anesthesia"",
            ""DOMAIN_ID"": ""Procedure"",
            ""STANDARD_CONCEPT_CAPTION"": ""Standard"",
            ""CONCEPT_CLASS_ID"": ""Procedure"",
            ""INVALID_REASON"": ""V""
          },
          ""includeMapped"": false,
          ""includeDescendants"": true
        },
        {
          ""isExcluded"": false,
          ""concept"": {
            ""INVALID_REASON_CAPTION"": ""Valid"",
            ""CONCEPT_ID"": 4332593,
            ""STANDARD_CONCEPT"": ""S"",
            ""CONCEPT_CODE"": ""231249005"",
            ""VOCABULARY_ID"": ""SNOMED"",
            ""CONCEPT_NAME"": ""Spinal anesthesia"",
            ""DOMAIN_ID"": ""Procedure"",
            ""STANDARD_CONCEPT_CAPTION"": ""Standard"",
            ""CONCEPT_CLASS_ID"": ""Procedure"",
            ""INVALID_REASON"": ""V""
          },
          ""includeMapped"": false,
          ""includeDescendants"": true
        }
      ]},
      ""name"": ""[jm] gea_total"",
      ""id"": 7
    }
  ],
  ""EndStrategy"": {""DateOffset"": {
    ""DateField"": ""StartDate"",
    ""Offset"": 60
  }},
  ""cdmVersionRange"": "">=5.0.0"",
  ""CensoringCriteria"": [{""ProcedureOccurrence"": {
    ""ProcedureType"": null,
    ""CorrelatedCriteria"": null,
    ""CodesetId"": 7,
    ""ProcedureSourceConcept"": null,
    ""Quantity"": null,
    ""ProviderSpecialty"": null,
    ""Gender"": null,
    ""ProcedureTypeExclude"": false,
    ""VisitType"": null,
    ""First"": null,
    ""OccurrenceStartDate"": null,
    ""Modifier"": null,
    ""Age"": null
  }}],
  ""QualifiedLimit"": {""Type"": ""First""},
  ""InclusionRules"": [
    {
      ""expression"": {
        ""CriteriaList"": [],
        ""Type"": ""ALL"",
        ""DemographicCriteriaList"": [{
          ""Ethnicity"": null,
          ""OccurrenceEndDate"": null,
          ""Race"": null,
          ""Gender"": null,
          ""OccurrenceStartDate"": null,
          ""Age"": {
            ""Op"": ""gt"",
            ""Extent"": null,
            ""Value"": 49
          }
        }],
        ""Groups"": [],
        ""Count"": null
      },
      ""name"": ""age above 50"",
      ""description"": null
    },
    {
      ""expression"": {
        ""CriteriaList"": [{
          ""RestrictVisit"": false,
          ""StartWindow"": {
            ""UseEventEnd"": false,
            ""Start"": {
              ""Days"": 60,
              ""Coeff"": -1
            },
            ""End"": {
              ""Days"": 1,
              ""Coeff"": -1
            },
            ""UseIndexEnd"": false
          },
          ""IgnoreObservationPeriod"": false,
          ""EndWindow"": null,
          ""Criteria"": {""ProcedureOccurrence"": {
            ""ProcedureType"": null,
            ""CorrelatedCriteria"": null,
            ""CodesetId"": 7,
            ""ProcedureSourceConcept"": null,
            ""Quantity"": null,
            ""ProviderSpecialty"": null,
            ""Gender"": null,
            ""ProcedureTypeExclude"": false,
            ""VisitType"": null,
            ""First"": null,
            ""OccurrenceStartDate"": null,
            ""Modifier"": null,
            ""Age"": {
              ""Op"": ""gt"",
              ""Extent"": null,
              ""Value"": 48
            }
          }},
          ""Occurrence"": {
            ""Type"": 0,
            ""IsDistinct"": false,
            ""Count"": 0
          }
        }],
        ""Type"": ""ALL"",
        ""DemographicCriteriaList"": [],
        ""Groups"": [],
        ""Count"": null
      },
      ""name"": ""no operation in  60 days"",
      ""description"": null
    }
  ],
  ""PrimaryCriteria"": {
    ""CriteriaList"": [{""ProcedureOccurrence"": {
      ""ProcedureType"": null,
      ""CorrelatedCriteria"": {
        ""CriteriaList"": [{
          ""RestrictVisit"": false,
          ""StartWindow"": {
            ""UseEventEnd"": false,
            ""Start"": {
              ""Days"": 0,
              ""Coeff"": -1
            },
            ""End"": {
              ""Days"": 0,
              ""Coeff"": 1
            },
            ""UseIndexEnd"": false
          },
          ""IgnoreObservationPeriod"": false,
          ""EndWindow"": null,
          ""Criteria"": {""ProcedureOccurrence"": {
            ""ProcedureType"": null,
            ""CorrelatedCriteria"": null,
            ""CodesetId"": 6,
            ""ProcedureSourceConcept"": null,
            ""Quantity"": null,
            ""ProviderSpecialty"": null,
            ""Gender"": null,
            ""ProcedureTypeExclude"": false,
            ""VisitType"": null,
            ""First"": null,
            ""OccurrenceStartDate"": null,
            ""Modifier"": null,
            ""Age"": {
              ""Op"": ""gt"",
              ""Extent"": null,
              ""Value"": 49
            }
          }},
          ""Occurrence"": {
            ""Type"": 2,
            ""IsDistinct"": false,
            ""Count"": 1
          }
        }],
        ""Type"": ""ALL"",
        ""DemographicCriteriaList"": [],
        ""Groups"": [],
        ""Count"": null
      },
      ""CodesetId"": 5,
      ""ProcedureSourceConcept"": null,
      ""Quantity"": null,
      ""ProviderSpecialty"": null,
      ""Gender"": null,
      ""ProcedureTypeExclude"": false,
      ""VisitType"": null,
      ""First"": null,
      ""OccurrenceStartDate"": null,
      ""Modifier"": null,
      ""Age"": {
        ""Op"": ""gt"",
        ""Extent"": null,
        ""Value"": 49
      }
    }}],
    ""PrimaryCriteriaLimit"": {""Type"": ""First""},
    ""ObservationWindow"": {
      ""PostDays"": 0,
      ""PriorDays"": 1
    }
  }
}"
7998,"[jml] tjr_ga","{
  ""ExpressionLimit"": {""Type"": ""All""},
  ""CollapseSettings"": {
    ""CollapseType"": ""ERA"",
    ""EraPad"": 0
  },
  ""CensorWindow"": {
    ""StartDate"": null,
    ""EndDate"": null
  },
  ""ConceptSets"": [
    {
      ""expression"": {""items"": [
        {
          ""isExcluded"": false,
          ""concept"": {
            ""INVALID_REASON_CAPTION"": ""Valid"",
            ""CONCEPT_ID"": 4145786,
            ""STANDARD_CONCEPT"": ""S"",
            ""CONCEPT_CODE"": ""266802007"",
            ""VOCABULARY_ID"": ""SNOMED"",
            ""CONCEPT_NAME"": ""Endotracheal anesthesia"",
            ""DOMAIN_ID"": ""Procedure"",
            ""STANDARD_CONCEPT_CAPTION"": ""Standard"",
            ""CONCEPT_CLASS_ID"": ""Procedure"",
            ""INVALID_REASON"": ""V""
          },
          ""includeMapped"": false,
          ""includeDescendants"": true
        },
        {
          ""isExcluded"": true,
          ""concept"": {
            ""INVALID_REASON_CAPTION"": ""Valid"",
            ""CONCEPT_ID"": 4078199,
            ""STANDARD_CONCEPT"": ""S"",
            ""CONCEPT_CODE"": ""18946005"",
            ""VOCABULARY_ID"": ""SNOMED"",
            ""CONCEPT_NAME"": ""Epidural anesthesia"",
            ""DOMAIN_ID"": ""Procedure"",
            ""STANDARD_CONCEPT_CAPTION"": ""Standard"",
            ""CONCEPT_CLASS_ID"": ""Procedure"",
            ""INVALID_REASON"": ""V""
          },
          ""includeMapped"": false,
          ""includeDescendants"": true
        },
        {
          ""isExcluded"": false,
          ""concept"": {
            ""INVALID_REASON_CAPTION"": ""Valid"",
            ""CONCEPT_ID"": 37587873,
            ""STANDARD_CONCEPT"": ""C"",
            ""CONCEPT_CODE"": ""10018061"",
            ""VOCABULARY_ID"": ""MedDRA"",
            ""CONCEPT_NAME"": ""General anesthesia"",
            ""DOMAIN_ID"": ""Procedure"",
            ""STANDARD_CONCEPT_CAPTION"": ""Classification"",
            ""CONCEPT_CLASS_ID"": ""LLT"",
            ""INVALID_REASON"": ""V""
          },
          ""includeMapped"": false,
          ""includeDescendants"": true
        },
        {
          ""isExcluded"": false,
          ""concept"": {
            ""INVALID_REASON_CAPTION"": ""Valid"",
            ""CONCEPT_ID"": 4082850,
            ""STANDARD_CONCEPT"": ""S"",
            ""CONCEPT_CODE"": ""241687005"",
            ""VOCABULARY_ID"": ""SNOMED"",
            ""CONCEPT_NAME"": ""Induction of general anesthesia"",
            ""DOMAIN_ID"": ""Procedure"",
            ""STANDARD_CONCEPT_CAPTION"": ""Standard"",
            ""CONCEPT_CLASS_ID"": ""Procedure"",
            ""INVALID_REASON"": ""V""
          },
          ""includeMapped"": false,
          ""includeDescendants"": true
        },
        {
          ""isExcluded"": false,
          ""concept"": {
            ""INVALID_REASON_CAPTION"": ""Valid"",
            ""CONCEPT_ID"": 4118897,
            ""STANDARD_CONCEPT"": ""S"",
            ""CONCEPT_CODE"": ""288185006"",
            ""VOCABULARY_ID"": ""SNOMED"",
            ""CONCEPT_NAME"": ""Inhalation general anesthesia"",
            ""DOMAIN_ID"": ""Procedure"",
            ""STANDARD_CONCEPT_CAPTION"": ""Standard"",
            ""CONCEPT_CLASS_ID"": ""Procedure"",
            ""INVALID_REASON"": ""V""
          },
          ""includeMapped"": false,
          ""includeDescendants"": true
        },
        {
          ""isExcluded"": false,
          ""concept"": {
            ""INVALID_REASON_CAPTION"": ""Valid"",
            ""CONCEPT_ID"": 4082996,
            ""STANDARD_CONCEPT"": ""S"",
            ""CONCEPT_CODE"": ""241688000"",
            ""VOCABULARY_ID"": ""SNOMED"",
            ""CONCEPT_NAME"": ""Intravenous induction of general anesthesia"",
            ""DOMAIN_ID"": ""Procedure"",
            ""STANDARD_CONCEPT_CAPTION"": ""Standard"",
            ""CONCEPT_CLASS_ID"": ""Procedure"",
            ""INVALID_REASON"": ""V""
          },
          ""includeMapped"": false,
          ""includeDescendants"": true
        },
        {
          ""isExcluded"": false,
          ""concept"": {
            ""INVALID_REASON_CAPTION"": ""Valid"",
            ""CONCEPT_ID"": 4086417,
            ""STANDARD_CONCEPT"": ""S"",
            ""CONCEPT_CODE"": ""241695009"",
            ""VOCABULARY_ID"": ""SNOMED"",
            ""CONCEPT_NAME"": ""Maintenance of general anesthesia"",
            ""DOMAIN_ID"": ""Procedure"",
            ""STANDARD_CONCEPT_CAPTION"": ""Standard"",
            ""CONCEPT_CLASS_ID"": ""Procedure"",
            ""INVALID_REASON"": ""V""
          },
          ""includeMapped"": false,
          ""includeDescendants"": true
        },
        {
          ""isExcluded"": true,
          ""concept"": {
            ""INVALID_REASON_CAPTION"": ""Valid"",
            ""CONCEPT_ID"": 4332593,
            ""STANDARD_CONCEPT"": ""S"",
            ""CONCEPT_CODE"": ""231249005"",
            ""VOCABULARY_ID"": ""SNOMED"",
            ""CONCEPT_NAME"": ""Spinal anesthesia"",
            ""DOMAIN_ID"": ""Procedure"",
            ""STANDARD_CONCEPT_CAPTION"": ""Standard"",
            ""CONCEPT_CLASS_ID"": ""Procedure"",
            ""INVALID_REASON"": ""V""
          },
          ""includeMapped"": false,
          ""includeDescendants"": true
        }
      ]},
      ""name"": ""[jm] general anesthesia_only"",
      ""id"": 1
    },
    {
      ""expression"": {""items"": [
        {
          ""isExcluded"": false,
          ""concept"": {
            ""INVALID_REASON_CAPTION"": ""Valid"",
            ""CONCEPT_ID"": 75053,
            ""STANDARD_CONCEPT"": ""S"",
            ""CONCEPT_CODE"": ""125605004"",
            ""VOCABULARY_ID"": ""SNOMED"",
            ""CONCEPT_NAME"": ""Fracture of bone"",
            ""DOMAIN_ID"": ""Condition"",
            ""STANDARD_CONCEPT_CAPTION"": ""Standard"",
            ""CONCEPT_CLASS_ID"": ""Disorder"",
            ""INVALID_REASON"": ""V""
          },
          ""includeMapped"": false,
          ""includeDescendants"": true
        },
        {
          ""isExcluded"": true,
          ""concept"": {
            ""INVALID_REASON_CAPTION"": ""Valid"",
            ""CONCEPT_ID"": 442560,
            ""STANDARD_CONCEPT"": ""S"",
            ""CONCEPT_CODE"": ""71620000"",
            ""VOCABULARY_ID"": ""SNOMED"",
            ""CONCEPT_NAME"": ""Fracture of femur"",
            ""DOMAIN_ID"": ""Condition"",
            ""STANDARD_CONCEPT_CAPTION"": ""Standard"",
            ""CONCEPT_CLASS_ID"": ""Disorder"",
            ""INVALID_REASON"": ""V""
          },
          ""includeMapped"": false,
          ""includeDescendants"": true
        }
      ]},
      ""name"": ""[jml] multi-trauma_hip fracture_exclusion criteria"",
      ""id"": 2
    },
    {
      ""expression"": {""items"": [
        {
          ""isExcluded"": false,
          ""concept"": {
            ""INVALID_REASON_CAPTION"": ""Valid"",
            ""CONCEPT_ID"": 4106045,
            ""STANDARD_CONCEPT"": ""S"",
            ""CONCEPT_CODE"": ""281797006"",
            ""VOCABULARY_ID"": ""SNOMED"",
            ""CONCEPT_NAME"": ""Closed reduction and fixation of fracture"",
            ""DOMAIN_ID"": ""Procedure"",
            ""STANDARD_CONCEPT_CAPTION"": ""Standard"",
            ""CONCEPT_CLASS_ID"": ""Procedure"",
            ""INVALID_REASON"": ""V""
          },
          ""includeMapped"": false,
          ""includeDescendants"": true
        },
        {
          ""isExcluded"": false,
          ""concept"": {
            ""INVALID_REASON_CAPTION"": ""Valid"",
            ""CONCEPT_ID"": 4188615,
            ""STANDARD_CONCEPT"": ""S"",
            ""CONCEPT_CODE"": ""47264000"",
            ""VOCABULARY_ID"": ""SNOMED"",
            ""CONCEPT_NAME"": ""Closed reduction of fracture with internal fixation"",
            ""DOMAIN_ID"": ""Procedure"",
            ""STANDARD_CONCEPT_CAPTION"": ""Standard"",
            ""CONCEPT_CLASS_ID"": ""Procedure"",
            ""INVALID_REASON"": ""V""
          },
          ""includeMapped"": false,
          ""includeDescendants"": true
        },
        {
          ""isExcluded"": false,
          ""concept"": {
            ""INVALID_REASON_CAPTION"": ""Valid"",
            ""CONCEPT_ID"": 442560,
            ""STANDARD_CONCEPT"": ""S"",
            ""CONCEPT_CODE"": ""71620000"",
            ""VOCABULARY_ID"": ""SNOMED"",
            ""CONCEPT_NAME"": ""Fracture of femur"",
            ""DOMAIN_ID"": ""Condition"",
            ""STANDARD_CONCEPT_CAPTION"": ""Standard"",
            ""CONCEPT_CLASS_ID"": ""Disorder"",
            ""INVALID_REASON"": ""V""
          },
          ""includeMapped"": false,
          ""includeDescendants"": true
        },
        {
          ""isExcluded"": false,
          ""concept"": {
            ""INVALID_REASON_CAPTION"": ""Valid"",
            ""CONCEPT_ID"": 4343794,
            ""STANDARD_CONCEPT"": ""S"",
            ""CONCEPT_CODE"": ""239293007"",
            ""VOCABULARY_ID"": ""SNOMED"",
            ""CONCEPT_NAME"": ""Internal fixation of fracture"",
            ""DOMAIN_ID"": ""Procedure"",
            ""STANDARD_CONCEPT_CAPTION"": ""Standard"",
            ""CONCEPT_CLASS_ID"": ""Procedure"",
            ""INVALID_REASON"": ""V""
          },
          ""includeMapped"": false,
          ""includeDescendants"": true
        },
        {
          ""isExcluded"": false,
          ""concept"": {
            ""INVALID_REASON_CAPTION"": ""Valid"",
            ""CONCEPT_ID"": 4045714,
            ""STANDARD_CONCEPT"": ""S"",
            ""CONCEPT_CODE"": ""133860004"",
            ""VOCABULARY_ID"": ""SNOMED"",
            ""CONCEPT_NAME"": ""Open reduction"",
            ""DOMAIN_ID"": ""Procedure"",
            ""STANDARD_CONCEPT_CAPTION"": ""Standard"",
            ""CONCEPT_CLASS_ID"": ""Procedure"",
            ""INVALID_REASON"": ""V""
          },
          ""includeMapped"": false,
          ""includeDescendants"": true
        },
        {
          ""isExcluded"": false,
          ""concept"": {
            ""INVALID_REASON_CAPTION"": ""Valid"",
            ""CONCEPT_ID"": 4313570,
            ""STANDARD_CONCEPT"": ""S"",
            ""CONCEPT_CODE"": ""86480004"",
            ""VOCABULARY_ID"": ""SNOMED"",
            ""CONCEPT_NAME"": ""Open reduction of fracture"",
            ""DOMAIN_ID"": ""Procedure"",
            ""STANDARD_CONCEPT_CAPTION"": ""Standard"",
            ""CONCEPT_CLASS_ID"": ""Procedure"",
            ""INVALID_REASON"": ""V""
          },
          ""includeMapped"": false,
          ""includeDescendants"": true
        },
        {
          ""isExcluded"": false,
          ""concept"": {
            ""INVALID_REASON_CAPTION"": ""Valid"",
            ""CONCEPT_ID"": 4038683,
            ""STANDARD_CONCEPT"": ""S"",
            ""CONCEPT_CODE"": ""118468006"",
            ""VOCABULARY_ID"": ""SNOMED"",
            ""CONCEPT_NAME"": ""Open reduction of fracture with fixation"",
            ""DOMAIN_ID"": ""Procedure"",
            ""STANDARD_CONCEPT_CAPTION"": ""Standard"",
            ""CONCEPT_CLASS_ID"": ""Procedure"",
            ""INVALID_REASON"": ""V""
          },
          ""includeMapped"": false,
          ""includeDescendants"": true
        },
        {
          ""isExcluded"": false,
          ""concept"": {
            ""INVALID_REASON_CAPTION"": ""Valid"",
            ""CONCEPT_ID"": 4071354,
            ""STANDARD_CONCEPT"": ""S"",
            ""CONCEPT_CODE"": ""20701002"",
            ""VOCABULARY_ID"": ""SNOMED"",
            ""CONCEPT_NAME"": ""Open reduction of fracture with internal fixation"",
            ""DOMAIN_ID"": ""Procedure"",
            ""STANDARD_CONCEPT_CAPTION"": ""Standard"",
            ""CONCEPT_CLASS_ID"": ""Procedure"",
            ""INVALID_REASON"": ""V""
          },
          ""includeMapped"": false,
          ""includeDescendants"": true
        },
        {
          ""isExcluded"": false,
          ""concept"": {
            ""INVALID_REASON_CAPTION"": ""Valid"",
            ""CONCEPT_ID"": 4046289,
            ""STANDARD_CONCEPT"": ""S"",
            ""CONCEPT_CODE"": ""133863002"",
            ""VOCABULARY_ID"": ""SNOMED"",
            ""CONCEPT_NAME"": ""Open reduction with internal fixation"",
            ""DOMAIN_ID"": ""Procedure"",
            ""STANDARD_CONCEPT_CAPTION"": ""Standard"",
            ""CONCEPT_CLASS_ID"": ""Procedure"",
            ""INVALID_REASON"": ""V""
          },
          ""includeMapped"": false,
          ""includeDescendants"": true
        },
        {
          ""isExcluded"": false,
          ""concept"": {
            ""INVALID_REASON_CAPTION"": ""Valid"",
            ""CONCEPT_ID"": 4149433,
            ""STANDARD_CONCEPT"": ""S"",
            ""CONCEPT_CODE"": ""31031000"",
            ""VOCABULARY_ID"": ""SNOMED"",
            ""CONCEPT_NAME"": ""Orthopedic internal fixation system"",
            ""DOMAIN_ID"": ""Device"",
            ""STANDARD_CONCEPT_CAPTION"": ""Standard"",
            ""CONCEPT_CLASS_ID"": ""Physical Object"",
            ""INVALID_REASON"": ""V""
          },
          ""includeMapped"": false,
          ""includeDescendants"": true
        },
        {
          ""isExcluded"": false,
          ""concept"": {
            ""INVALID_REASON_CAPTION"": ""Valid"",
            ""CONCEPT_ID"": 4297365,
            ""STANDARD_CONCEPT"": ""S"",
            ""CONCEPT_CODE"": ""386649003"",
            ""VOCABULARY_ID"": ""SNOMED"",
            ""CONCEPT_NAME"": ""Partial hip replacement by prosthesis"",
            ""DOMAIN_ID"": ""Procedure"",
            ""STANDARD_CONCEPT_CAPTION"": ""Standard"",
            ""CONCEPT_CLASS_ID"": ""Procedure"",
            ""INVALID_REASON"": ""V""
          },
          ""includeMapped"": false,
          ""includeDescendants"": true
        },
        {
          ""isExcluded"": false,
          ""concept"": {
            ""INVALID_REASON_CAPTION"": ""Valid"",
            ""CONCEPT_ID"": 4134857,
            ""STANDARD_CONCEPT"": ""S"",
            ""CONCEPT_CODE"": ""398010007"",
            ""VOCABULARY_ID"": ""SNOMED"",
            ""CONCEPT_NAME"": ""Prosthetic arthroplasty of hip"",
            ""DOMAIN_ID"": ""Procedure"",
            ""STANDARD_CONCEPT_CAPTION"": ""Standard"",
            ""CONCEPT_CLASS_ID"": ""Procedure"",
            ""INVALID_REASON"": ""V""
          },
          ""includeMapped"": false,
          ""includeDescendants"": true
        },
        {
          ""isExcluded"": true,
          ""concept"": {
            ""INVALID_REASON_CAPTION"": ""Valid"",
            ""CONCEPT_ID"": 4090926,
            ""STANDARD_CONCEPT"": ""S"",
            ""CONCEPT_CODE"": ""280460009"",
            ""VOCABULARY_ID"": ""SNOMED"",
            ""CONCEPT_NAME"": ""Revision of hip arthroplasty"",
            ""DOMAIN_ID"": ""Procedure"",
            ""STANDARD_CONCEPT_CAPTION"": ""Standard"",
            ""CONCEPT_CLASS_ID"": ""Procedure"",
            ""INVALID_REASON"": ""V""
          },
          ""includeMapped"": false,
          ""includeDescendants"": true
        },
        {
          ""isExcluded"": true,
          ""concept"": {
            ""INVALID_REASON_CAPTION"": ""Valid"",
            ""CONCEPT_ID"": 4266062,
            ""STANDARD_CONCEPT"": ""S"",
            ""CONCEPT_CODE"": ""62402000"",
            ""VOCABULARY_ID"": ""SNOMED"",
            ""CONCEPT_NAME"": ""Revision of total hip replacement"",
            ""DOMAIN_ID"": ""Procedure"",
            ""STANDARD_CONCEPT_CAPTION"": ""Standard"",
            ""CONCEPT_CLASS_ID"": ""Procedure"",
            ""INVALID_REASON"": ""V""
          },
          ""includeMapped"": false,
          ""includeDescendants"": true
        },
        {
          ""isExcluded"": false,
          ""concept"": {
            ""INVALID_REASON_CAPTION"": ""Valid"",
            ""CONCEPT_ID"": 4203771,
            ""STANDARD_CONCEPT"": ""S"",
            ""CONCEPT_CODE"": ""52734007"",
            ""VOCABULARY_ID"": ""SNOMED"",
            ""CONCEPT_NAME"": ""Total replacement of hip"",
            ""DOMAIN_ID"": ""Procedure"",
            ""STANDARD_CONCEPT_CAPTION"": ""Standard"",
            ""CONCEPT_CLASS_ID"": ""Procedure"",
            ""INVALID_REASON"": ""V""
          },
          ""includeMapped"": false,
          ""includeDescendants"": true
        }
      ]},
      ""name"": ""[jml] hip fracture"",
      ""id"": 3
    },
    {
      ""expression"": {""items"": [
        {
          ""isExcluded"": false,
          ""concept"": {
            ""INVALID_REASON_CAPTION"": ""Valid"",
            ""CONCEPT_ID"": 4297365,
            ""STANDARD_CONCEPT"": ""S"",
            ""CONCEPT_CODE"": ""386649003"",
            ""VOCABULARY_ID"": ""SNOMED"",
            ""CONCEPT_NAME"": ""Partial hip replacement by prosthesis"",
            ""DOMAIN_ID"": ""Procedure"",
            ""STANDARD_CONCEPT_CAPTION"": ""Standard"",
            ""CONCEPT_CLASS_ID"": ""Procedure"",
            ""INVALID_REASON"": ""V""
          },
          ""includeMapped"": false,
          ""includeDescendants"": true
        },
        {
          ""isExcluded"": false,
          ""concept"": {
            ""INVALID_REASON_CAPTION"": ""Valid"",
            ""CONCEPT_ID"": 4134857,
            ""STANDARD_CONCEPT"": ""S"",
            ""CONCEPT_CODE"": ""398010007"",
            ""VOCABULARY_ID"": ""SNOMED"",
            ""CONCEPT_NAME"": ""Prosthetic arthroplasty of hip"",
            ""DOMAIN_ID"": ""Procedure"",
            ""STANDARD_CONCEPT_CAPTION"": ""Standard"",
            ""CONCEPT_CLASS_ID"": ""Procedure"",
            ""INVALID_REASON"": ""V""
          },
          ""includeMapped"": false,
          ""includeDescendants"": true
        },
        {
          ""isExcluded"": false,
          ""concept"": {
            ""INVALID_REASON_CAPTION"": ""Valid"",
            ""CONCEPT_ID"": 4090926,
            ""STANDARD_CONCEPT"": ""S"",
            ""CONCEPT_CODE"": ""280460009"",
            ""VOCABULARY_ID"": ""SNOMED"",
            ""CONCEPT_NAME"": ""Revision of hip arthroplasty"",
            ""DOMAIN_ID"": ""Procedure"",
            ""STANDARD_CONCEPT_CAPTION"": ""Standard"",
            ""CONCEPT_CLASS_ID"": ""Procedure"",
            ""INVALID_REASON"": ""V""
          },
          ""includeMapped"": false,
          ""includeDescendants"": true
        },
        {
          ""isExcluded"": false,
          ""concept"": {
            ""INVALID_REASON_CAPTION"": ""Valid"",
            ""CONCEPT_ID"": 4266062,
            ""STANDARD_CONCEPT"": ""S"",
            ""CONCEPT_CODE"": ""62402000"",
            ""VOCABULARY_ID"": ""SNOMED"",
            ""CONCEPT_NAME"": ""Revision of total hip replacement"",
            ""DOMAIN_ID"": ""Procedure"",
            ""STANDARD_CONCEPT_CAPTION"": ""Standard"",
            ""CONCEPT_CLASS_ID"": ""Procedure"",
            ""INVALID_REASON"": ""V""
          },
          ""includeMapped"": false,
          ""includeDescendants"": true
        },
        {
          ""isExcluded"": false,
          ""concept"": {
            ""INVALID_REASON_CAPTION"": ""Valid"",
            ""CONCEPT_ID"": 4203771,
            ""STANDARD_CONCEPT"": ""S"",
            ""CONCEPT_CODE"": ""52734007"",
            ""VOCABULARY_ID"": ""SNOMED"",
            ""CONCEPT_NAME"": ""Total replacement of hip"",
            ""DOMAIN_ID"": ""Procedure"",
            ""STANDARD_CONCEPT_CAPTION"": ""Standard"",
            ""CONCEPT_CLASS_ID"": ""Procedure"",
            ""INVALID_REASON"": ""V""
          },
          ""includeMapped"": false,
          ""includeDescendants"": true
        }
      ]},
      ""name"": ""[jml] tha/bha"",
      ""id"": 4
    },
    {
      ""expression"": {""items"": [
        {
          ""isExcluded"": false,
          ""concept"": {
            ""INVALID_REASON_CAPTION"": ""Valid"",
            ""CONCEPT_ID"": 4078547,
            ""STANDARD_CONCEPT"": ""S"",
            ""CONCEPT_CODE"": ""19063003"",
            ""VOCABULARY_ID"": ""SNOMED"",
            ""CONCEPT_NAME"": ""Arthroplasty of knee"",
            ""DOMAIN_ID"": ""Procedure"",
            ""STANDARD_CONCEPT_CAPTION"": ""Standard"",
            ""CONCEPT_CLASS_ID"": ""Procedure"",
            ""INVALID_REASON"": ""V""
          },
          ""includeMapped"": false,
          ""includeDescendants"": true
        },
        {
          ""isExcluded"": false,
          ""concept"": {
            ""INVALID_REASON_CAPTION"": ""Valid"",
            ""CONCEPT_ID"": 37585200,
            ""STANDARD_CONCEPT"": ""C"",
            ""CONCEPT_CODE"": ""10020102"",
            ""VOCABULARY_ID"": ""MedDRA"",
            ""CONCEPT_NAME"": ""Hip replacement"",
            ""DOMAIN_ID"": ""Procedure"",
            ""STANDARD_CONCEPT_CAPTION"": ""Classification"",
            ""CONCEPT_CLASS_ID"": ""LLT"",
            ""INVALID_REASON"": ""V""
          },
          ""includeMapped"": false,
          ""includeDescendants"": true
        },
        {
          ""isExcluded"": false,
          ""concept"": {
            ""INVALID_REASON_CAPTION"": ""Valid"",
            ""CONCEPT_ID"": 37520652,
            ""STANDARD_CONCEPT"": ""C"",
            ""CONCEPT_CODE"": ""10023469"",
            ""VOCABULARY_ID"": ""MedDRA"",
            ""CONCEPT_NAME"": ""Knee arthroplasty"",
            ""DOMAIN_ID"": ""Procedure"",
            ""STANDARD_CONCEPT_CAPTION"": ""Classification"",
            ""CONCEPT_CLASS_ID"": ""PT"",
            ""INVALID_REASON"": ""V""
          },
          ""includeMapped"": false,
          ""includeDescendants"": true
        },
        {
          ""isExcluded"": false,
          ""concept"": {
            ""INVALID_REASON_CAPTION"": ""Valid"",
            ""CONCEPT_ID"": 43010265,
            ""STANDARD_CONCEPT"": ""C"",
            ""CONCEPT_CODE"": ""10082617"",
            ""VOCABULARY_ID"": ""MedDRA"",
            ""CONCEPT_NAME"": ""Knee replacement"",
            ""DOMAIN_ID"": ""Procedure"",
            ""STANDARD_CONCEPT_CAPTION"": ""Classification"",
            ""CONCEPT_CLASS_ID"": ""LLT"",
            ""INVALID_REASON"": ""V""
          },
          ""includeMapped"": false,
          ""includeDescendants"": true
        },
        {
          ""isExcluded"": false,
          ""concept"": {
            ""INVALID_REASON_CAPTION"": ""Valid"",
            ""CONCEPT_ID"": 4134857,
            ""STANDARD_CONCEPT"": ""S"",
            ""CONCEPT_CODE"": ""398010007"",
            ""VOCABULARY_ID"": ""SNOMED"",
            ""CONCEPT_NAME"": ""Prosthetic arthroplasty of hip"",
            ""DOMAIN_ID"": ""Procedure"",
            ""STANDARD_CONCEPT_CAPTION"": ""Standard"",
            ""CONCEPT_CLASS_ID"": ""Procedure"",
            ""INVALID_REASON"": ""V""
          },
          ""includeMapped"": false,
          ""includeDescendants"": true
        },
        {
          ""isExcluded"": false,
          ""concept"": {
            ""INVALID_REASON_CAPTION"": ""Valid"",
            ""CONCEPT_ID"": 4311039,
            ""STANDARD_CONCEPT"": ""S"",
            ""CONCEPT_CODE"": ""392238003"",
            ""VOCABULARY_ID"": ""SNOMED"",
            ""CONCEPT_NAME"": ""Prosthetic arthroplasty of knee joint"",
            ""DOMAIN_ID"": ""Procedure"",
            ""STANDARD_CONCEPT_CAPTION"": ""Standard"",
            ""CONCEPT_CLASS_ID"": ""Procedure"",
            ""INVALID_REASON"": ""V""
          },
          ""includeMapped"": false,
          ""includeDescendants"": true
        },
        {
          ""isExcluded"": true,
          ""concept"": {
            ""INVALID_REASON_CAPTION"": ""Valid"",
            ""CONCEPT_ID"": 37152351,
            ""STANDARD_CONCEPT"": ""S"",
            ""CONCEPT_CODE"": ""1184599003"",
            ""VOCABULARY_ID"": ""SNOMED"",
            ""CONCEPT_NAME"": ""Reconstruction of articular cartilage of knee joint"",
            ""DOMAIN_ID"": ""Procedure"",
            ""STANDARD_CONCEPT_CAPTION"": ""Standard"",
            ""CONCEPT_CLASS_ID"": ""Procedure"",
            ""INVALID_REASON"": ""V""
          },
          ""includeMapped"": false,
          ""includeDescendants"": true
        },
        {
          ""isExcluded"": true,
          ""concept"": {
            ""INVALID_REASON_CAPTION"": ""Valid"",
            ""CONCEPT_ID"": 4343455,
            ""STANDARD_CONCEPT"": ""S"",
            ""CONCEPT_CODE"": ""239425006"",
            ""VOCABULARY_ID"": ""SNOMED"",
            ""CONCEPT_NAME"": ""Repair of ligament of knee joint"",
            ""DOMAIN_ID"": ""Procedure"",
            ""STANDARD_CONCEPT_CAPTION"": ""Standard"",
            ""CONCEPT_CLASS_ID"": ""Procedure"",
            ""INVALID_REASON"": ""V""
          },
          ""includeMapped"": false,
          ""includeDescendants"": true
        },
        {
          ""isExcluded"": true,
          ""concept"": {
            ""INVALID_REASON_CAPTION"": ""Valid"",
            ""CONCEPT_ID"": 4343904,
            ""STANDARD_CONCEPT"": ""S"",
            ""CONCEPT_CODE"": ""239419007"",
            ""VOCABULARY_ID"": ""SNOMED"",
            ""CONCEPT_NAME"": ""Repair of meniscus"",
            ""DOMAIN_ID"": ""Procedure"",
            ""STANDARD_CONCEPT_CAPTION"": ""Standard"",
            ""CONCEPT_CLASS_ID"": ""Procedure"",
            ""INVALID_REASON"": ""V""
          },
          ""includeMapped"": false,
          ""includeDescendants"": true
        },
        {
          ""isExcluded"": false,
          ""concept"": {
            ""INVALID_REASON_CAPTION"": ""Valid"",
            ""CONCEPT_ID"": 37585204,
            ""STANDARD_CONCEPT"": ""C"",
            ""CONCEPT_CODE"": ""10044088"",
            ""VOCABULARY_ID"": ""MedDRA"",
            ""CONCEPT_NAME"": ""Total hip replacement"",
            ""DOMAIN_ID"": ""Procedure"",
            ""STANDARD_CONCEPT_CAPTION"": ""Classification"",
            ""CONCEPT_CLASS_ID"": ""LLT"",
            ""INVALID_REASON"": ""V""
          },
          ""includeMapped"": false,
          ""includeDescendants"": true
        },
        {
          ""isExcluded"": false,
          ""concept"": {
            ""INVALID_REASON_CAPTION"": ""Valid"",
            ""CONCEPT_ID"": 37585249,
            ""STANDARD_CONCEPT"": ""C"",
            ""CONCEPT_CODE"": ""10044094"",
            ""VOCABULARY_ID"": ""MedDRA"",
            ""CONCEPT_NAME"": ""Total knee replacement"",
            ""DOMAIN_ID"": ""Procedure"",
            ""STANDARD_CONCEPT_CAPTION"": ""Classification"",
            ""CONCEPT_CLASS_ID"": ""LLT"",
            ""INVALID_REASON"": ""V""
          },
          ""includeMapped"": false,
          ""includeDescendants"": true
        },
        {
          ""isExcluded"": false,
          ""concept"": {
            ""INVALID_REASON_CAPTION"": ""Valid"",
            ""CONCEPT_ID"": 43531648,
            ""STANDARD_CONCEPT"": ""S"",
            ""CONCEPT_CODE"": ""609588000"",
            ""VOCABULARY_ID"": ""SNOMED"",
            ""CONCEPT_NAME"": ""Total knee replacement"",
            ""DOMAIN_ID"": ""Procedure"",
            ""STANDARD_CONCEPT_CAPTION"": ""Standard"",
            ""CONCEPT_CLASS_ID"": ""Procedure"",
            ""INVALID_REASON"": ""V""
          },
          ""includeMapped"": false,
          ""includeDescendants"": true
        },
        {
          ""isExcluded"": false,
          ""concept"": {
            ""INVALID_REASON_CAPTION"": ""Valid"",
            ""CONCEPT_ID"": 4203771,
            ""STANDARD_CONCEPT"": ""S"",
            ""CONCEPT_CODE"": ""52734007"",
            ""VOCABULARY_ID"": ""SNOMED"",
            ""CONCEPT_NAME"": ""Total replacement of hip"",
            ""DOMAIN_ID"": ""Procedure"",
            ""STANDARD_CONCEPT_CAPTION"": ""Standard"",
            ""CONCEPT_CLASS_ID"": ""Procedure"",
            ""INVALID_REASON"": ""V""
          },
          ""includeMapped"": false,
          ""includeDescendants"": true
        }
      ]},
      ""name"": ""[jml] tjr"",
      ""id"": 5
    },
    {
      ""expression"": {""items"": [
        {
          ""isExcluded"": false,
          ""concept"": {
            ""INVALID_REASON_CAPTION"": ""Valid"",
            ""CONCEPT_ID"": 4078547,
            ""STANDARD_CONCEPT"": ""S"",
            ""CONCEPT_CODE"": ""19063003"",
            ""VOCABULARY_ID"": ""SNOMED"",
            ""CONCEPT_NAME"": ""Arthroplasty of knee"",
            ""DOMAIN_ID"": ""Procedure"",
            ""STANDARD_CONCEPT_CAPTION"": ""Standard"",
            ""CONCEPT_CLASS_ID"": ""Procedure"",
            ""INVALID_REASON"": ""V""
          },
          ""includeMapped"": false,
          ""includeDescendants"": true
        },
        {
          ""isExcluded"": true,
          ""concept"": {
            ""INVALID_REASON_CAPTION"": ""Valid"",
            ""CONCEPT_ID"": 4297300,
            ""STANDARD_CONCEPT"": ""S"",
            ""CONCEPT_CODE"": ""76699006"",
            ""VOCABULARY_ID"": ""SNOMED"",
            ""CONCEPT_NAME"": ""Ligamentous reconstruction of knee, intra-articular and extra-articular"",
            ""DOMAIN_ID"": ""Procedure"",
            ""STANDARD_CONCEPT_CAPTION"": ""Standard"",
            ""CONCEPT_CLASS_ID"": ""Procedure"",
            ""INVALID_REASON"": ""V""
          },
          ""includeMapped"": false,
          ""includeDescendants"": true
        },
        {
          ""isExcluded"": false,
          ""concept"": {
            ""INVALID_REASON_CAPTION"": ""Valid"",
            ""CONCEPT_ID"": 4311039,
            ""STANDARD_CONCEPT"": ""S"",
            ""CONCEPT_CODE"": ""392238003"",
            ""VOCABULARY_ID"": ""SNOMED"",
            ""CONCEPT_NAME"": ""Prosthetic arthroplasty of knee joint"",
            ""DOMAIN_ID"": ""Procedure"",
            ""STANDARD_CONCEPT_CAPTION"": ""Standard"",
            ""CONCEPT_CLASS_ID"": ""Procedure"",
            ""INVALID_REASON"": ""V""
          },
          ""includeMapped"": false,
          ""includeDescendants"": true
        },
        {
          ""isExcluded"": true,
          ""concept"": {
            ""INVALID_REASON_CAPTION"": ""Valid"",
            ""CONCEPT_ID"": 4147773,
            ""STANDARD_CONCEPT"": ""S"",
            ""CONCEPT_CODE"": ""35926005"",
            ""VOCABULARY_ID"": ""SNOMED"",
            ""CONCEPT_NAME"": ""Repair of knee cruciate ligaments"",
            ""DOMAIN_ID"": ""Procedure"",
            ""STANDARD_CONCEPT_CAPTION"": ""Standard"",
            ""CONCEPT_CLASS_ID"": ""Procedure"",
            ""INVALID_REASON"": ""V""
          },
          ""includeMapped"": false,
          ""includeDescendants"": true
        },
        {
          ""isExcluded"": true,
          ""concept"": {
            ""INVALID_REASON_CAPTION"": ""Valid"",
            ""CONCEPT_ID"": 4343455,
            ""STANDARD_CONCEPT"": ""S"",
            ""CONCEPT_CODE"": ""239425006"",
            ""VOCABULARY_ID"": ""SNOMED"",
            ""CONCEPT_NAME"": ""Repair of ligament of knee joint"",
            ""DOMAIN_ID"": ""Procedure"",
            ""STANDARD_CONCEPT_CAPTION"": ""Standard"",
            ""CONCEPT_CLASS_ID"": ""Procedure"",
            ""INVALID_REASON"": ""V""
          },
          ""includeMapped"": false,
          ""includeDescendants"": true
        },
        {
          ""isExcluded"": false,
          ""concept"": {
            ""INVALID_REASON_CAPTION"": ""Valid"",
            ""CONCEPT_ID"": 42363703,
            ""STANDARD_CONCEPT"": ""N"",
            ""CONCEPT_CODE"": ""N2072"",
            ""VOCABULARY_ID"": ""EDI"",
            ""CONCEPT_NAME"": ""Replacement Athroplasty-Total[Knee]"",
            ""DOMAIN_ID"": ""Procedure"",
            ""STANDARD_CONCEPT_CAPTION"": ""Non-Standard"",
            ""CONCEPT_CLASS_ID"": ""Proc Hierarchy"",
            ""INVALID_REASON"": ""V""
          },
          ""includeMapped"": false,
          ""includeDescendants"": true
        },
        {
          ""isExcluded"": true,
          ""concept"": {
            ""INVALID_REASON_CAPTION"": ""Valid"",
            ""CONCEPT_ID"": 4058591,
            ""STANDARD_CONCEPT"": ""S"",
            ""CONCEPT_CODE"": ""16117008"",
            ""VOCABULARY_ID"": ""SNOMED"",
            ""CONCEPT_NAME"": ""Revision of total knee arthroplasty, all components"",
            ""DOMAIN_ID"": ""Procedure"",
            ""STANDARD_CONCEPT_CAPTION"": ""Standard"",
            ""CONCEPT_CLASS_ID"": ""Procedure"",
            ""INVALID_REASON"": ""V""
          },
          ""includeMapped"": false,
          ""includeDescendants"": true
        },
        {
          ""isExcluded"": false,
          ""concept"": {
            ""INVALID_REASON_CAPTION"": ""Valid"",
            ""CONCEPT_ID"": 43531648,
            ""STANDARD_CONCEPT"": ""S"",
            ""CONCEPT_CODE"": ""609588000"",
            ""VOCABULARY_ID"": ""SNOMED"",
            ""CONCEPT_NAME"": ""Total knee replacement"",
            ""DOMAIN_ID"": ""Procedure"",
            ""STANDARD_CONCEPT_CAPTION"": ""Standard"",
            ""CONCEPT_CLASS_ID"": ""Procedure"",
            ""INVALID_REASON"": ""V""
          },
          ""includeMapped"": false,
          ""includeDescendants"": true
        }
      ]},
      ""name"": ""[jml] tkr"",
      ""id"": 6
    },
    {
      ""expression"": {""items"": [
        {
          ""isExcluded"": false,
          ""concept"": {
            ""INVALID_REASON_CAPTION"": ""Valid"",
            ""CONCEPT_ID"": 37520641,
            ""STANDARD_CONCEPT"": ""C"",
            ""CONCEPT_CODE"": ""10020096"",
            ""VOCABULARY_ID"": ""MedDRA"",
            ""CONCEPT_NAME"": ""Hip arthroplasty"",
            ""DOMAIN_ID"": ""Procedure"",
            ""STANDARD_CONCEPT_CAPTION"": ""Classification"",
            ""CONCEPT_CLASS_ID"": ""PT"",
            ""INVALID_REASON"": ""V""
          },
          ""includeMapped"": false,
          ""includeDescendants"": true
        },
        {
          ""isExcluded"": true,
          ""concept"": {
            ""INVALID_REASON_CAPTION"": ""Valid"",
            ""CONCEPT_ID"": 4297365,
            ""STANDARD_CONCEPT"": ""S"",
            ""CONCEPT_CODE"": ""386649003"",
            ""VOCABULARY_ID"": ""SNOMED"",
            ""CONCEPT_NAME"": ""Partial hip replacement by prosthesis"",
            ""DOMAIN_ID"": ""Procedure"",
            ""STANDARD_CONCEPT_CAPTION"": ""Standard"",
            ""CONCEPT_CLASS_ID"": ""Procedure"",
            ""INVALID_REASON"": ""V""
          },
          ""includeMapped"": false,
          ""includeDescendants"": true
        },
        {
          ""isExcluded"": false,
          ""concept"": {
            ""INVALID_REASON_CAPTION"": ""Valid"",
            ""CONCEPT_ID"": 4134857,
            ""STANDARD_CONCEPT"": ""S"",
            ""CONCEPT_CODE"": ""398010007"",
            ""VOCABULARY_ID"": ""SNOMED"",
            ""CONCEPT_NAME"": ""Prosthetic arthroplasty of hip"",
            ""DOMAIN_ID"": ""Procedure"",
            ""STANDARD_CONCEPT_CAPTION"": ""Standard"",
            ""CONCEPT_CLASS_ID"": ""Procedure"",
            ""INVALID_REASON"": ""V""
          },
          ""includeMapped"": false,
          ""includeDescendants"": true
        },
        {
          ""isExcluded"": false,
          ""concept"": {
            ""INVALID_REASON_CAPTION"": ""Valid"",
            ""CONCEPT_ID"": 4090926,
            ""STANDARD_CONCEPT"": ""S"",
            ""CONCEPT_CODE"": ""280460009"",
            ""VOCABULARY_ID"": ""SNOMED"",
            ""CONCEPT_NAME"": ""Revision of hip arthroplasty"",
            ""DOMAIN_ID"": ""Procedure"",
            ""STANDARD_CONCEPT_CAPTION"": ""Standard"",
            ""CONCEPT_CLASS_ID"": ""Procedure"",
            ""INVALID_REASON"": ""V""
          },
          ""includeMapped"": false,
          ""includeDescendants"": true
        },
        {
          ""isExcluded"": false,
          ""concept"": {
            ""INVALID_REASON_CAPTION"": ""Valid"",
            ""CONCEPT_ID"": 37585207,
            ""STANDARD_CONCEPT"": ""C"",
            ""CONCEPT_CODE"": ""10057128"",
            ""VOCABULARY_ID"": ""MedDRA"",
            ""CONCEPT_NAME"": ""Revision of hip arthroplasty"",
            ""DOMAIN_ID"": ""Procedure"",
            ""STANDARD_CONCEPT_CAPTION"": ""Classification"",
            ""CONCEPT_CLASS_ID"": ""LLT"",
            ""INVALID_REASON"": ""V""
          },
          ""includeMapped"": false,
          ""includeDescendants"": true
        },
        {
          ""isExcluded"": false,
          ""concept"": {
            ""INVALID_REASON_CAPTION"": ""Valid"",
            ""CONCEPT_ID"": 4203771,
            ""STANDARD_CONCEPT"": ""S"",
            ""CONCEPT_CODE"": ""52734007"",
            ""VOCABULARY_ID"": ""SNOMED"",
            ""CONCEPT_NAME"": ""Total replacement of hip"",
            ""DOMAIN_ID"": ""Procedure"",
            ""STANDARD_CONCEPT_CAPTION"": ""Standard"",
            ""CONCEPT_CLASS_ID"": ""Procedure"",
            ""INVALID_REASON"": ""V""
          },
          ""includeMapped"": false,
          ""includeDescendants"": true
        }
      ]},
      ""name"": ""[jml] thr"",
      ""id"": 7
    },
    {
      ""expression"": {""items"": [{
        ""isExcluded"": false,
        ""concept"": {
          ""INVALID_REASON_CAPTION"": ""Valid"",
          ""CONCEPT_ID"": 4266062,
          ""STANDARD_CONCEPT"": ""S"",
          ""CONCEPT_CODE"": ""62402000"",
          ""VOCABULARY_ID"": ""SNOMED"",
          ""CONCEPT_NAME"": ""Revision of total hip replacement"",
          ""DOMAIN_ID"": ""Procedure"",
          ""STANDARD_CONCEPT_CAPTION"": ""Standard"",
          ""CONCEPT_CLASS_ID"": ""Procedure"",
          ""INVALID_REASON"": ""V""
        },
        ""includeMapped"": false,
        ""includeDescendants"": true
      }]},
      ""name"": ""[jml] revision thr"",
      ""id"": 8
    },
    {
      ""expression"": {""items"": [{
        ""isExcluded"": false,
        ""concept"": {
          ""INVALID_REASON_CAPTION"": ""Valid"",
          ""CONCEPT_ID"": 4090451,
          ""STANDARD_CONCEPT"": ""S"",
          ""CONCEPT_CODE"": ""280462001"",
          ""VOCABULARY_ID"": ""SNOMED"",
          ""CONCEPT_NAME"": ""Revision of knee arthroplasty"",
          ""DOMAIN_ID"": ""Procedure"",
          ""STANDARD_CONCEPT_CAPTION"": ""Standard"",
          ""CONCEPT_CLASS_ID"": ""Procedure"",
          ""INVALID_REASON"": ""V""
        },
        ""includeMapped"": false,
        ""includeDescendants"": true
      }]},
      ""name"": ""[jml] revision tkr"",
      ""id"": 9
    },
    {
      ""expression"": {""items"": [{
        ""isExcluded"": false,
        ""concept"": {
          ""INVALID_REASON_CAPTION"": ""Valid"",
          ""CONCEPT_ID"": 4266062,
          ""STANDARD_CONCEPT"": ""S"",
          ""CONCEPT_CODE"": ""62402000"",
          ""VOCABULARY_ID"": ""SNOMED"",
          ""CONCEPT_NAME"": ""Revision of total hip replacement"",
          ""DOMAIN_ID"": ""Procedure"",
          ""STANDARD_CONCEPT_CAPTION"": ""Standard"",
          ""CONCEPT_CLASS_ID"": ""Procedure"",
          ""INVALID_REASON"": ""V""
        },
        ""includeMapped"": false,
        ""includeDescendants"": true
      }]},
      ""name"": ""[jml] revision thr"",
      ""id"": 10
    },
    {
      ""expression"": {""items"": [
        {
          ""isExcluded"": false,
          ""concept"": {
            ""INVALID_REASON_CAPTION"": ""Valid"",
            ""CONCEPT_ID"": 4174669,
            ""STANDARD_CONCEPT"": ""S"",
            ""CONCEPT_CODE"": ""50697003"",
            ""VOCABULARY_ID"": ""SNOMED"",
            ""CONCEPT_NAME"": ""Administration of general anesthetic"",
            ""DOMAIN_ID"": ""Procedure"",
            ""STANDARD_CONCEPT_CAPTION"": ""Standard"",
            ""CONCEPT_CLASS_ID"": ""Procedure"",
            ""INVALID_REASON"": ""V""
          },
          ""includeMapped"": false,
          ""includeDescendants"": true
        },
        {
          ""isExcluded"": false,
          ""concept"": {
            ""INVALID_REASON_CAPTION"": ""Valid"",
            ""CONCEPT_ID"": 4145786,
            ""STANDARD_CONCEPT"": ""S"",
            ""CONCEPT_CODE"": ""266802007"",
            ""VOCABULARY_ID"": ""SNOMED"",
            ""CONCEPT_NAME"": ""Endotracheal anesthesia"",
            ""DOMAIN_ID"": ""Procedure"",
            ""STANDARD_CONCEPT_CAPTION"": ""Standard"",
            ""CONCEPT_CLASS_ID"": ""Procedure"",
            ""INVALID_REASON"": ""V""
          },
          ""includeMapped"": false,
          ""includeDescendants"": true
        },
        {
          ""isExcluded"": false,
          ""concept"": {
            ""INVALID_REASON_CAPTION"": ""Valid"",
            ""CONCEPT_ID"": 4082850,
            ""STANDARD_CONCEPT"": ""S"",
            ""CONCEPT_CODE"": ""241687005"",
            ""VOCABULARY_ID"": ""SNOMED"",
            ""CONCEPT_NAME"": ""Induction of general anesthesia"",
            ""DOMAIN_ID"": ""Procedure"",
            ""STANDARD_CONCEPT_CAPTION"": ""Standard"",
            ""CONCEPT_CLASS_ID"": ""Procedure"",
            ""INVALID_REASON"": ""V""
          },
          ""includeMapped"": false,
          ""includeDescendants"": true
        },
        {
          ""isExcluded"": false,
          ""concept"": {
            ""INVALID_REASON_CAPTION"": ""Valid"",
            ""CONCEPT_ID"": 4118897,
            ""STANDARD_CONCEPT"": ""S"",
            ""CONCEPT_CODE"": ""288185006"",
            ""VOCABULARY_ID"": ""SNOMED"",
            ""CONCEPT_NAME"": ""Inhalation general anesthesia"",
            ""DOMAIN_ID"": ""Procedure"",
            ""STANDARD_CONCEPT_CAPTION"": ""Standard"",
            ""CONCEPT_CLASS_ID"": ""Procedure"",
            ""INVALID_REASON"": ""V""
          },
          ""includeMapped"": false,
          ""includeDescendants"": true
        },
        {
          ""isExcluded"": false,
          ""concept"": {
            ""INVALID_REASON_CAPTION"": ""Valid"",
            ""CONCEPT_ID"": 4082996,
            ""STANDARD_CONCEPT"": ""S"",
            ""CONCEPT_CODE"": ""241688000"",
            ""VOCABULARY_ID"": ""SNOMED"",
            ""CONCEPT_NAME"": ""Intravenous induction of general anesthesia"",
            ""DOMAIN_ID"": ""Procedure"",
            ""STANDARD_CONCEPT_CAPTION"": ""Standard"",
            ""CONCEPT_CLASS_ID"": ""Procedure"",
            ""INVALID_REASON"": ""V""
          },
          ""includeMapped"": false,
          ""includeDescendants"": true
        },
        {
          ""isExcluded"": false,
          ""concept"": {
            ""INVALID_REASON_CAPTION"": ""Valid"",
            ""CONCEPT_ID"": 4086417,
            ""STANDARD_CONCEPT"": ""S"",
            ""CONCEPT_CODE"": ""241695009"",
            ""VOCABULARY_ID"": ""SNOMED"",
            ""CONCEPT_NAME"": ""Maintenance of general anesthesia"",
            ""DOMAIN_ID"": ""Procedure"",
            ""STANDARD_CONCEPT_CAPTION"": ""Standard"",
            ""CONCEPT_CLASS_ID"": ""Procedure"",
            ""INVALID_REASON"": ""V""
          },
          ""includeMapped"": false,
          ""includeDescendants"": true
        },
        {
          ""isExcluded"": false,
          ""concept"": {
            ""INVALID_REASON_CAPTION"": ""Valid"",
            ""CONCEPT_ID"": 4332593,
            ""STANDARD_CONCEPT"": ""S"",
            ""CONCEPT_CODE"": ""231249005"",
            ""VOCABULARY_ID"": ""SNOMED"",
            ""CONCEPT_NAME"": ""Spinal anesthesia"",
            ""DOMAIN_ID"": ""Procedure"",
            ""STANDARD_CONCEPT_CAPTION"": ""Standard"",
            ""CONCEPT_CLASS_ID"": ""Procedure"",
            ""INVALID_REASON"": ""V""
          },
          ""includeMapped"": false,
          ""includeDescendants"": true
        }
      ]},
      ""name"": ""[jm] gea_total"",
      ""id"": 11
    }
  ],
  ""EndStrategy"": {""DateOffset"": {
    ""DateField"": ""StartDate"",
    ""Offset"": 60
  }},
  ""cdmVersionRange"": "">=5.0.0"",
  ""CensoringCriteria"": [{""ProcedureOccurrence"": {
    ""ProcedureType"": null,
    ""CorrelatedCriteria"": null,
    ""CodesetId"": 11,
    ""ProcedureSourceConcept"": null,
    ""Quantity"": null,
    ""ProviderSpecialty"": null,
    ""Gender"": null,
    ""ProcedureTypeExclude"": false,
    ""VisitType"": null,
    ""First"": null,
    ""OccurrenceStartDate"": null,
    ""Modifier"": null,
    ""Age"": null
  }}],
  ""QualifiedLimit"": {""Type"": ""First""},
  ""InclusionRules"": [
    {
      ""expression"": {
        ""CriteriaList"": [{
          ""RestrictVisit"": false,
          ""StartWindow"": {
            ""UseEventEnd"": false,
            ""Start"": {
              ""Days"": 0,
              ""Coeff"": -1
            },
            ""End"": {
              ""Days"": 0,
              ""Coeff"": 1
            },
            ""UseIndexEnd"": false
          },
          ""IgnoreObservationPeriod"": false,
          ""EndWindow"": null,
          ""Criteria"": {""ProcedureOccurrence"": {
            ""ProcedureType"": null,
            ""CorrelatedCriteria"": null,
            ""CodesetId"": 1,
            ""ProcedureSourceConcept"": null,
            ""Quantity"": null,
            ""ProviderSpecialty"": null,
            ""Gender"": null,
            ""ProcedureTypeExclude"": false,
            ""VisitType"": null,
            ""First"": null,
            ""OccurrenceStartDate"": null,
            ""Modifier"": null,
            ""Age"": null
          }},
          ""Occurrence"": {
            ""Type"": 2,
            ""IsDistinct"": false,
            ""Count"": 1
          }
        }],
        ""Type"": ""ALL"",
        ""DemographicCriteriaList"": [],
        ""Groups"": [],
        ""Count"": null
      },
      ""name"": ""general anesthesia"",
      ""description"": null
    },
    {
      ""expression"": {
        ""CriteriaList"": [
          {
            ""RestrictVisit"": false,
            ""StartWindow"": {
              ""UseEventEnd"": false,
              ""Start"": {
                ""Days"": 0,
                ""Coeff"": -1
              },
              ""End"": {
                ""Days"": 0,
                ""Coeff"": 1
              },
              ""UseIndexEnd"": false
            },
            ""IgnoreObservationPeriod"": false,
            ""EndWindow"": null,
            ""Criteria"": {""ProcedureOccurrence"": {
              ""ProcedureType"": null,
              ""CorrelatedCriteria"": null,
              ""CodesetId"": 10,
              ""ProcedureSourceConcept"": null,
              ""Quantity"": null,
              ""ProviderSpecialty"": null,
              ""Gender"": null,
              ""ProcedureTypeExclude"": false,
              ""VisitType"": null,
              ""First"": null,
              ""OccurrenceStartDate"": null,
              ""Modifier"": null,
              ""Age"": null
            }},
            ""Occurrence"": {
              ""Type"": 0,
              ""IsDistinct"": false,
              ""Count"": 0
            }
          },
          {
            ""RestrictVisit"": false,
            ""StartWindow"": {
              ""UseEventEnd"": false,
              ""Start"": {
                ""Days"": 0,
                ""Coeff"": -1
              },
              ""End"": {
                ""Days"": 0,
                ""Coeff"": 1
              },
              ""UseIndexEnd"": false
            },
            ""IgnoreObservationPeriod"": false,
            ""EndWindow"": null,
            ""Criteria"": {""ProcedureOccurrence"": {
              ""ProcedureType"": null,
              ""CorrelatedCriteria"": null,
              ""CodesetId"": 9,
              ""ProcedureSourceConcept"": null,
              ""Quantity"": null,
              ""ProviderSpecialty"": null,
              ""Gender"": null,
              ""ProcedureTypeExclude"": false,
              ""VisitType"": null,
              ""First"": null,
              ""OccurrenceStartDate"": null,
              ""Modifier"": null,
              ""Age"": null
            }},
            ""Occurrence"": {
              ""Type"": 0,
              ""IsDistinct"": false,
              ""Count"": 0
            }
          }
        ],
        ""Type"": ""ALL"",
        ""DemographicCriteriaList"": [],
        ""Groups"": [],
        ""Count"": null
      },
      ""name"": ""primary tjr"",
      ""description"": null
    },
    {
      ""expression"": {
        ""CriteriaList"": [{
          ""RestrictVisit"": false,
          ""StartWindow"": {
            ""UseEventEnd"": false,
            ""Start"": {
              ""Days"": 60,
              ""Coeff"": -1
            },
            ""End"": {
              ""Days"": 1,
              ""Coeff"": -1
            },
            ""UseIndexEnd"": false
          },
          ""IgnoreObservationPeriod"": false,
          ""EndWindow"": null,
          ""Criteria"": {""ProcedureOccurrence"": {
            ""ProcedureType"": null,
            ""CorrelatedCriteria"": null,
            ""CodesetId"": 11,
            ""ProcedureSourceConcept"": null,
            ""Quantity"": null,
            ""ProviderSpecialty"": null,
            ""Gender"": null,
            ""ProcedureTypeExclude"": false,
            ""VisitType"": null,
            ""First"": null,
            ""OccurrenceStartDate"": null,
            ""Modifier"": null,
            ""Age"": null
          }},
          ""Occurrence"": {
            ""Type"": 0,
            ""IsDistinct"": false,
            ""Count"": 0
          }
        }],
        ""Type"": ""ALL"",
        ""DemographicCriteriaList"": [],
        ""Groups"": [],
        ""Count"": null
      },
      ""name"": ""no surgery in 60 days "",
      ""description"": null
    }
  ],
  ""PrimaryCriteria"": {
    ""CriteriaList"": [{""ProcedureOccurrence"": {
      ""ProcedureType"": null,
      ""CorrelatedCriteria"": null,
      ""CodesetId"": 5,
      ""ProcedureSourceConcept"": null,
      ""Quantity"": null,
      ""ProviderSpecialty"": null,
      ""Gender"": null,
      ""ProcedureTypeExclude"": false,
      ""VisitType"": null,
      ""First"": null,
      ""OccurrenceStartDate"": null,
      ""Modifier"": null,
      ""Age"": {
        ""Op"": ""gt"",
        ""Extent"": null,
        ""Value"": 49
      }
    }}],
    ""PrimaryCriteriaLimit"": {""Type"": ""First""},
    ""ObservationWindow"": {
      ""PostDays"": 0,
      ""PriorDays"": 1
    }
  }
}"
7828,"[jml] hip fracture surgery_ga","{
  ""ExpressionLimit"": {""Type"": ""All""},
  ""CollapseSettings"": {
    ""CollapseType"": ""ERA"",
    ""EraPad"": 0
  },
  ""CensorWindow"": {
    ""StartDate"": null,
    ""EndDate"": null
  },
  ""ConceptSets"": [
    {
      ""expression"": {""items"": [
        {
          ""isExcluded"": false,
          ""concept"": {
            ""INVALID_REASON_CAPTION"": ""Valid"",
            ""CONCEPT_ID"": 4145786,
            ""STANDARD_CONCEPT"": ""S"",
            ""CONCEPT_CODE"": ""266802007"",
            ""VOCABULARY_ID"": ""SNOMED"",
            ""CONCEPT_NAME"": ""Endotracheal anesthesia"",
            ""DOMAIN_ID"": ""Procedure"",
            ""STANDARD_CONCEPT_CAPTION"": ""Standard"",
            ""CONCEPT_CLASS_ID"": ""Procedure"",
            ""INVALID_REASON"": ""V""
          },
          ""includeMapped"": false,
          ""includeDescendants"": true
        },
        {
          ""isExcluded"": true,
          ""concept"": {
            ""INVALID_REASON_CAPTION"": ""Valid"",
            ""CONCEPT_ID"": 4078199,
            ""STANDARD_CONCEPT"": ""S"",
            ""CONCEPT_CODE"": ""18946005"",
            ""VOCABULARY_ID"": ""SNOMED"",
            ""CONCEPT_NAME"": ""Epidural anesthesia"",
            ""DOMAIN_ID"": ""Procedure"",
            ""STANDARD_CONCEPT_CAPTION"": ""Standard"",
            ""CONCEPT_CLASS_ID"": ""Procedure"",
            ""INVALID_REASON"": ""V""
          },
          ""includeMapped"": false,
          ""includeDescendants"": true
        },
        {
          ""isExcluded"": false,
          ""concept"": {
            ""INVALID_REASON_CAPTION"": ""Valid"",
            ""CONCEPT_ID"": 37587873,
            ""STANDARD_CONCEPT"": ""C"",
            ""CONCEPT_CODE"": ""10018061"",
            ""VOCABULARY_ID"": ""MedDRA"",
            ""CONCEPT_NAME"": ""General anesthesia"",
            ""DOMAIN_ID"": ""Procedure"",
            ""STANDARD_CONCEPT_CAPTION"": ""Classification"",
            ""CONCEPT_CLASS_ID"": ""LLT"",
            ""INVALID_REASON"": ""V""
          },
          ""includeMapped"": false,
          ""includeDescendants"": true
        },
        {
          ""isExcluded"": false,
          ""concept"": {
            ""INVALID_REASON_CAPTION"": ""Valid"",
            ""CONCEPT_ID"": 4082850,
            ""STANDARD_CONCEPT"": ""S"",
            ""CONCEPT_CODE"": ""241687005"",
            ""VOCABULARY_ID"": ""SNOMED"",
            ""CONCEPT_NAME"": ""Induction of general anesthesia"",
            ""DOMAIN_ID"": ""Procedure"",
            ""STANDARD_CONCEPT_CAPTION"": ""Standard"",
            ""CONCEPT_CLASS_ID"": ""Procedure"",
            ""INVALID_REASON"": ""V""
          },
          ""includeMapped"": false,
          ""includeDescendants"": true
        },
        {
          ""isExcluded"": false,
          ""concept"": {
            ""INVALID_REASON_CAPTION"": ""Valid"",
            ""CONCEPT_ID"": 4118897,
            ""STANDARD_CONCEPT"": ""S"",
            ""CONCEPT_CODE"": ""288185006"",
            ""VOCABULARY_ID"": ""SNOMED"",
            ""CONCEPT_NAME"": ""Inhalation general anesthesia"",
            ""DOMAIN_ID"": ""Procedure"",
            ""STANDARD_CONCEPT_CAPTION"": ""Standard"",
            ""CONCEPT_CLASS_ID"": ""Procedure"",
            ""INVALID_REASON"": ""V""
          },
          ""includeMapped"": false,
          ""includeDescendants"": true
        },
        {
          ""isExcluded"": false,
          ""concept"": {
            ""INVALID_REASON_CAPTION"": ""Valid"",
            ""CONCEPT_ID"": 4082996,
            ""STANDARD_CONCEPT"": ""S"",
            ""CONCEPT_CODE"": ""241688000"",
            ""VOCABULARY_ID"": ""SNOMED"",
            ""CONCEPT_NAME"": ""Intravenous induction of general anesthesia"",
            ""DOMAIN_ID"": ""Procedure"",
            ""STANDARD_CONCEPT_CAPTION"": ""Standard"",
            ""CONCEPT_CLASS_ID"": ""Procedure"",
            ""INVALID_REASON"": ""V""
          },
          ""includeMapped"": false,
          ""includeDescendants"": true
        },
        {
          ""isExcluded"": false,
          ""concept"": {
            ""INVALID_REASON_CAPTION"": ""Valid"",
            ""CONCEPT_ID"": 4086417,
            ""STANDARD_CONCEPT"": ""S"",
            ""CONCEPT_CODE"": ""241695009"",
            ""VOCABULARY_ID"": ""SNOMED"",
            ""CONCEPT_NAME"": ""Maintenance of general anesthesia"",
            ""DOMAIN_ID"": ""Procedure"",
            ""STANDARD_CONCEPT_CAPTION"": ""Standard"",
            ""CONCEPT_CLASS_ID"": ""Procedure"",
            ""INVALID_REASON"": ""V""
          },
          ""includeMapped"": false,
          ""includeDescendants"": true
        },
        {
          ""isExcluded"": true,
          ""concept"": {
            ""INVALID_REASON_CAPTION"": ""Valid"",
            ""CONCEPT_ID"": 4332593,
            ""STANDARD_CONCEPT"": ""S"",
            ""CONCEPT_CODE"": ""231249005"",
            ""VOCABULARY_ID"": ""SNOMED"",
            ""CONCEPT_NAME"": ""Spinal anesthesia"",
            ""DOMAIN_ID"": ""Procedure"",
            ""STANDARD_CONCEPT_CAPTION"": ""Standard"",
            ""CONCEPT_CLASS_ID"": ""Procedure"",
            ""INVALID_REASON"": ""V""
          },
          ""includeMapped"": false,
          ""includeDescendants"": true
        }
      ]},
      ""name"": ""[jm] general anesthesia_only"",
      ""id"": 1
    },
    {
      ""expression"": {""items"": [
        {
          ""isExcluded"": false,
          ""concept"": {
            ""INVALID_REASON_CAPTION"": ""Valid"",
            ""CONCEPT_ID"": 75053,
            ""STANDARD_CONCEPT"": ""S"",
            ""CONCEPT_CODE"": ""125605004"",
            ""VOCABULARY_ID"": ""SNOMED"",
            ""CONCEPT_NAME"": ""Fracture of bone"",
            ""DOMAIN_ID"": ""Condition"",
            ""STANDARD_CONCEPT_CAPTION"": ""Standard"",
            ""CONCEPT_CLASS_ID"": ""Disorder"",
            ""INVALID_REASON"": ""V""
          },
          ""includeMapped"": false,
          ""includeDescendants"": true
        },
        {
          ""isExcluded"": true,
          ""concept"": {
            ""INVALID_REASON_CAPTION"": ""Valid"",
            ""CONCEPT_ID"": 442560,
            ""STANDARD_CONCEPT"": ""S"",
            ""CONCEPT_CODE"": ""71620000"",
            ""VOCABULARY_ID"": ""SNOMED"",
            ""CONCEPT_NAME"": ""Fracture of femur"",
            ""DOMAIN_ID"": ""Condition"",
            ""STANDARD_CONCEPT_CAPTION"": ""Standard"",
            ""CONCEPT_CLASS_ID"": ""Disorder"",
            ""INVALID_REASON"": ""V""
          },
          ""includeMapped"": false,
          ""includeDescendants"": true
        }
      ]},
      ""name"": ""[jml] multi-trauma_hip fracture_exclusion criteria"",
      ""id"": 2
    },
    {
      ""expression"": {""items"": [
        {
          ""isExcluded"": false,
          ""concept"": {
            ""INVALID_REASON_CAPTION"": ""Valid"",
            ""CONCEPT_ID"": 4106045,
            ""STANDARD_CONCEPT"": ""S"",
            ""CONCEPT_CODE"": ""281797006"",
            ""VOCABULARY_ID"": ""SNOMED"",
            ""CONCEPT_NAME"": ""Closed reduction and fixation of fracture"",
            ""DOMAIN_ID"": ""Procedure"",
            ""STANDARD_CONCEPT_CAPTION"": ""Standard"",
            ""CONCEPT_CLASS_ID"": ""Procedure"",
            ""INVALID_REASON"": ""V""
          },
          ""includeMapped"": false,
          ""includeDescendants"": true
        },
        {
          ""isExcluded"": false,
          ""concept"": {
            ""INVALID_REASON_CAPTION"": ""Valid"",
            ""CONCEPT_ID"": 4188615,
            ""STANDARD_CONCEPT"": ""S"",
            ""CONCEPT_CODE"": ""47264000"",
            ""VOCABULARY_ID"": ""SNOMED"",
            ""CONCEPT_NAME"": ""Closed reduction of fracture with internal fixation"",
            ""DOMAIN_ID"": ""Procedure"",
            ""STANDARD_CONCEPT_CAPTION"": ""Standard"",
            ""CONCEPT_CLASS_ID"": ""Procedure"",
            ""INVALID_REASON"": ""V""
          },
          ""includeMapped"": false,
          ""includeDescendants"": true
        },
        {
          ""isExcluded"": false,
          ""concept"": {
            ""INVALID_REASON_CAPTION"": ""Valid"",
            ""CONCEPT_ID"": 442560,
            ""STANDARD_CONCEPT"": ""S"",
            ""CONCEPT_CODE"": ""71620000"",
            ""VOCABULARY_ID"": ""SNOMED"",
            ""CONCEPT_NAME"": ""Fracture of femur"",
            ""DOMAIN_ID"": ""Condition"",
            ""STANDARD_CONCEPT_CAPTION"": ""Standard"",
            ""CONCEPT_CLASS_ID"": ""Disorder"",
            ""INVALID_REASON"": ""V""
          },
          ""includeMapped"": false,
          ""includeDescendants"": true
        },
        {
          ""isExcluded"": false,
          ""concept"": {
            ""INVALID_REASON_CAPTION"": ""Valid"",
            ""CONCEPT_ID"": 4343794,
            ""STANDARD_CONCEPT"": ""S"",
            ""CONCEPT_CODE"": ""239293007"",
            ""VOCABULARY_ID"": ""SNOMED"",
            ""CONCEPT_NAME"": ""Internal fixation of fracture"",
            ""DOMAIN_ID"": ""Procedure"",
            ""STANDARD_CONCEPT_CAPTION"": ""Standard"",
            ""CONCEPT_CLASS_ID"": ""Procedure"",
            ""INVALID_REASON"": ""V""
          },
          ""includeMapped"": false,
          ""includeDescendants"": true
        },
        {
          ""isExcluded"": false,
          ""concept"": {
            ""INVALID_REASON_CAPTION"": ""Valid"",
            ""CONCEPT_ID"": 4045714,
            ""STANDARD_CONCEPT"": ""S"",
            ""CONCEPT_CODE"": ""133860004"",
            ""VOCABULARY_ID"": ""SNOMED"",
            ""CONCEPT_NAME"": ""Open reduction"",
            ""DOMAIN_ID"": ""Procedure"",
            ""STANDARD_CONCEPT_CAPTION"": ""Standard"",
            ""CONCEPT_CLASS_ID"": ""Procedure"",
            ""INVALID_REASON"": ""V""
          },
          ""includeMapped"": false,
          ""includeDescendants"": true
        },
        {
          ""isExcluded"": false,
          ""concept"": {
            ""INVALID_REASON_CAPTION"": ""Valid"",
            ""CONCEPT_ID"": 4313570,
            ""STANDARD_CONCEPT"": ""S"",
            ""CONCEPT_CODE"": ""86480004"",
            ""VOCABULARY_ID"": ""SNOMED"",
            ""CONCEPT_NAME"": ""Open reduction of fracture"",
            ""DOMAIN_ID"": ""Procedure"",
            ""STANDARD_CONCEPT_CAPTION"": ""Standard"",
            ""CONCEPT_CLASS_ID"": ""Procedure"",
            ""INVALID_REASON"": ""V""
          },
          ""includeMapped"": false,
          ""includeDescendants"": true
        },
        {
          ""isExcluded"": false,
          ""concept"": {
            ""INVALID_REASON_CAPTION"": ""Valid"",
            ""CONCEPT_ID"": 4038683,
            ""STANDARD_CONCEPT"": ""S"",
            ""CONCEPT_CODE"": ""118468006"",
            ""VOCABULARY_ID"": ""SNOMED"",
            ""CONCEPT_NAME"": ""Open reduction of fracture with fixation"",
            ""DOMAIN_ID"": ""Procedure"",
            ""STANDARD_CONCEPT_CAPTION"": ""Standard"",
            ""CONCEPT_CLASS_ID"": ""Procedure"",
            ""INVALID_REASON"": ""V""
          },
          ""includeMapped"": false,
          ""includeDescendants"": true
        },
        {
          ""isExcluded"": false,
          ""concept"": {
            ""INVALID_REASON_CAPTION"": ""Valid"",
            ""CONCEPT_ID"": 4071354,
            ""STANDARD_CONCEPT"": ""S"",
            ""CONCEPT_CODE"": ""20701002"",
            ""VOCABULARY_ID"": ""SNOMED"",
            ""CONCEPT_NAME"": ""Open reduction of fracture with internal fixation"",
            ""DOMAIN_ID"": ""Procedure"",
            ""STANDARD_CONCEPT_CAPTION"": ""Standard"",
            ""CONCEPT_CLASS_ID"": ""Procedure"",
            ""INVALID_REASON"": ""V""
          },
          ""includeMapped"": false,
          ""includeDescendants"": true
        },
        {
          ""isExcluded"": false,
          ""concept"": {
            ""INVALID_REASON_CAPTION"": ""Valid"",
            ""CONCEPT_ID"": 4046289,
            ""STANDARD_CONCEPT"": ""S"",
            ""CONCEPT_CODE"": ""133863002"",
            ""VOCABULARY_ID"": ""SNOMED"",
            ""CONCEPT_NAME"": ""Open reduction with internal fixation"",
            ""DOMAIN_ID"": ""Procedure"",
            ""STANDARD_CONCEPT_CAPTION"": ""Standard"",
            ""CONCEPT_CLASS_ID"": ""Procedure"",
            ""INVALID_REASON"": ""V""
          },
          ""includeMapped"": false,
          ""includeDescendants"": true
        },
        {
          ""isExcluded"": false,
          ""concept"": {
            ""INVALID_REASON_CAPTION"": ""Valid"",
            ""CONCEPT_ID"": 4149433,
            ""STANDARD_CONCEPT"": ""S"",
            ""CONCEPT_CODE"": ""31031000"",
            ""VOCABULARY_ID"": ""SNOMED"",
            ""CONCEPT_NAME"": ""Orthopedic internal fixation system"",
            ""DOMAIN_ID"": ""Device"",
            ""STANDARD_CONCEPT_CAPTION"": ""Standard"",
            ""CONCEPT_CLASS_ID"": ""Physical Object"",
            ""INVALID_REASON"": ""V""
          },
          ""includeMapped"": false,
          ""includeDescendants"": true
        },
        {
          ""isExcluded"": false,
          ""concept"": {
            ""INVALID_REASON_CAPTION"": ""Valid"",
            ""CONCEPT_ID"": 4297365,
            ""STANDARD_CONCEPT"": ""S"",
            ""CONCEPT_CODE"": ""386649003"",
            ""VOCABULARY_ID"": ""SNOMED"",
            ""CONCEPT_NAME"": ""Partial hip replacement by prosthesis"",
            ""DOMAIN_ID"": ""Procedure"",
            ""STANDARD_CONCEPT_CAPTION"": ""Standard"",
            ""CONCEPT_CLASS_ID"": ""Procedure"",
            ""INVALID_REASON"": ""V""
          },
          ""includeMapped"": false,
          ""includeDescendants"": true
        },
        {
          ""isExcluded"": false,
          ""concept"": {
            ""INVALID_REASON_CAPTION"": ""Valid"",
            ""CONCEPT_ID"": 4134857,
            ""STANDARD_CONCEPT"": ""S"",
            ""CONCEPT_CODE"": ""398010007"",
            ""VOCABULARY_ID"": ""SNOMED"",
            ""CONCEPT_NAME"": ""Prosthetic arthroplasty of hip"",
            ""DOMAIN_ID"": ""Procedure"",
            ""STANDARD_CONCEPT_CAPTION"": ""Standard"",
            ""CONCEPT_CLASS_ID"": ""Procedure"",
            ""INVALID_REASON"": ""V""
          },
          ""includeMapped"": false,
          ""includeDescendants"": true
        },
        {
          ""isExcluded"": true,
          ""concept"": {
            ""INVALID_REASON_CAPTION"": ""Valid"",
            ""CONCEPT_ID"": 4090926,
            ""STANDARD_CONCEPT"": ""S"",
            ""CONCEPT_CODE"": ""280460009"",
            ""VOCABULARY_ID"": ""SNOMED"",
            ""CONCEPT_NAME"": ""Revision of hip arthroplasty"",
            ""DOMAIN_ID"": ""Procedure"",
            ""STANDARD_CONCEPT_CAPTION"": ""Standard"",
            ""CONCEPT_CLASS_ID"": ""Procedure"",
            ""INVALID_REASON"": ""V""
          },
          ""includeMapped"": false,
          ""includeDescendants"": true
        },
        {
          ""isExcluded"": true,
          ""concept"": {
            ""INVALID_REASON_CAPTION"": ""Valid"",
            ""CONCEPT_ID"": 4266062,
            ""STANDARD_CONCEPT"": ""S"",
            ""CONCEPT_CODE"": ""62402000"",
            ""VOCABULARY_ID"": ""SNOMED"",
            ""CONCEPT_NAME"": ""Revision of total hip replacement"",
            ""DOMAIN_ID"": ""Procedure"",
            ""STANDARD_CONCEPT_CAPTION"": ""Standard"",
            ""CONCEPT_CLASS_ID"": ""Procedure"",
            ""INVALID_REASON"": ""V""
          },
          ""includeMapped"": false,
          ""includeDescendants"": true
        },
        {
          ""isExcluded"": false,
          ""concept"": {
            ""INVALID_REASON_CAPTION"": ""Valid"",
            ""CONCEPT_ID"": 4203771,
            ""STANDARD_CONCEPT"": ""S"",
            ""CONCEPT_CODE"": ""52734007"",
            ""VOCABULARY_ID"": ""SNOMED"",
            ""CONCEPT_NAME"": ""Total replacement of hip"",
            ""DOMAIN_ID"": ""Procedure"",
            ""STANDARD_CONCEPT_CAPTION"": ""Standard"",
            ""CONCEPT_CLASS_ID"": ""Procedure"",
            ""INVALID_REASON"": ""V""
          },
          ""includeMapped"": false,
          ""includeDescendants"": true
        }
      ]},
      ""name"": ""[jml] hip fracture"",
      ""id"": 3
    },
    {
      ""expression"": {""items"": [
        {
          ""isExcluded"": false,
          ""concept"": {
            ""INVALID_REASON_CAPTION"": ""Valid"",
            ""CONCEPT_ID"": 4297365,
            ""STANDARD_CONCEPT"": ""S"",
            ""CONCEPT_CODE"": ""386649003"",
            ""VOCABULARY_ID"": ""SNOMED"",
            ""CONCEPT_NAME"": ""Partial hip replacement by prosthesis"",
            ""DOMAIN_ID"": ""Procedure"",
            ""STANDARD_CONCEPT_CAPTION"": ""Standard"",
            ""CONCEPT_CLASS_ID"": ""Procedure"",
            ""INVALID_REASON"": ""V""
          },
          ""includeMapped"": false,
          ""includeDescendants"": true
        },
        {
          ""isExcluded"": false,
          ""concept"": {
            ""INVALID_REASON_CAPTION"": ""Valid"",
            ""CONCEPT_ID"": 4134857,
            ""STANDARD_CONCEPT"": ""S"",
            ""CONCEPT_CODE"": ""398010007"",
            ""VOCABULARY_ID"": ""SNOMED"",
            ""CONCEPT_NAME"": ""Prosthetic arthroplasty of hip"",
            ""DOMAIN_ID"": ""Procedure"",
            ""STANDARD_CONCEPT_CAPTION"": ""Standard"",
            ""CONCEPT_CLASS_ID"": ""Procedure"",
            ""INVALID_REASON"": ""V""
          },
          ""includeMapped"": false,
          ""includeDescendants"": true
        },
        {
          ""isExcluded"": false,
          ""concept"": {
            ""INVALID_REASON_CAPTION"": ""Valid"",
            ""CONCEPT_ID"": 4090926,
            ""STANDARD_CONCEPT"": ""S"",
            ""CONCEPT_CODE"": ""280460009"",
            ""VOCABULARY_ID"": ""SNOMED"",
            ""CONCEPT_NAME"": ""Revision of hip arthroplasty"",
            ""DOMAIN_ID"": ""Procedure"",
            ""STANDARD_CONCEPT_CAPTION"": ""Standard"",
            ""CONCEPT_CLASS_ID"": ""Procedure"",
            ""INVALID_REASON"": ""V""
          },
          ""includeMapped"": false,
          ""includeDescendants"": true
        },
        {
          ""isExcluded"": false,
          ""concept"": {
            ""INVALID_REASON_CAPTION"": ""Valid"",
            ""CONCEPT_ID"": 4266062,
            ""STANDARD_CONCEPT"": ""S"",
            ""CONCEPT_CODE"": ""62402000"",
            ""VOCABULARY_ID"": ""SNOMED"",
            ""CONCEPT_NAME"": ""Revision of total hip replacement"",
            ""DOMAIN_ID"": ""Procedure"",
            ""STANDARD_CONCEPT_CAPTION"": ""Standard"",
            ""CONCEPT_CLASS_ID"": ""Procedure"",
            ""INVALID_REASON"": ""V""
          },
          ""includeMapped"": false,
          ""includeDescendants"": true
        },
        {
          ""isExcluded"": false,
          ""concept"": {
            ""INVALID_REASON_CAPTION"": ""Valid"",
            ""CONCEPT_ID"": 4203771,
            ""STANDARD_CONCEPT"": ""S"",
            ""CONCEPT_CODE"": ""52734007"",
            ""VOCABULARY_ID"": ""SNOMED"",
            ""CONCEPT_NAME"": ""Total replacement of hip"",
            ""DOMAIN_ID"": ""Procedure"",
            ""STANDARD_CONCEPT_CAPTION"": ""Standard"",
            ""CONCEPT_CLASS_ID"": ""Procedure"",
            ""INVALID_REASON"": ""V""
          },
          ""includeMapped"": false,
          ""includeDescendants"": true
        }
      ]},
      ""name"": ""[jml] tha/bha"",
      ""id"": 4
    },
    {
      ""expression"": {""items"": [
        {
          ""isExcluded"": false,
          ""concept"": {
            ""INVALID_REASON_CAPTION"": ""Valid"",
            ""CONCEPT_ID"": 4174669,
            ""STANDARD_CONCEPT"": ""S"",
            ""CONCEPT_CODE"": ""50697003"",
            ""VOCABULARY_ID"": ""SNOMED"",
            ""CONCEPT_NAME"": ""Administration of general anesthetic"",
            ""DOMAIN_ID"": ""Procedure"",
            ""STANDARD_CONCEPT_CAPTION"": ""Standard"",
            ""CONCEPT_CLASS_ID"": ""Procedure"",
            ""INVALID_REASON"": ""V""
          },
          ""includeMapped"": false,
          ""includeDescendants"": true
        },
        {
          ""isExcluded"": false,
          ""concept"": {
            ""INVALID_REASON_CAPTION"": ""Valid"",
            ""CONCEPT_ID"": 4145786,
            ""STANDARD_CONCEPT"": ""S"",
            ""CONCEPT_CODE"": ""266802007"",
            ""VOCABULARY_ID"": ""SNOMED"",
            ""CONCEPT_NAME"": ""Endotracheal anesthesia"",
            ""DOMAIN_ID"": ""Procedure"",
            ""STANDARD_CONCEPT_CAPTION"": ""Standard"",
            ""CONCEPT_CLASS_ID"": ""Procedure"",
            ""INVALID_REASON"": ""V""
          },
          ""includeMapped"": false,
          ""includeDescendants"": true
        },
        {
          ""isExcluded"": false,
          ""concept"": {
            ""INVALID_REASON_CAPTION"": ""Valid"",
            ""CONCEPT_ID"": 4082850,
            ""STANDARD_CONCEPT"": ""S"",
            ""CONCEPT_CODE"": ""241687005"",
            ""VOCABULARY_ID"": ""SNOMED"",
            ""CONCEPT_NAME"": ""Induction of general anesthesia"",
            ""DOMAIN_ID"": ""Procedure"",
            ""STANDARD_CONCEPT_CAPTION"": ""Standard"",
            ""CONCEPT_CLASS_ID"": ""Procedure"",
            ""INVALID_REASON"": ""V""
          },
          ""includeMapped"": false,
          ""includeDescendants"": true
        },
        {
          ""isExcluded"": false,
          ""concept"": {
            ""INVALID_REASON_CAPTION"": ""Valid"",
            ""CONCEPT_ID"": 4118897,
            ""STANDARD_CONCEPT"": ""S"",
            ""CONCEPT_CODE"": ""288185006"",
            ""VOCABULARY_ID"": ""SNOMED"",
            ""CONCEPT_NAME"": ""Inhalation general anesthesia"",
            ""DOMAIN_ID"": ""Procedure"",
            ""STANDARD_CONCEPT_CAPTION"": ""Standard"",
            ""CONCEPT_CLASS_ID"": ""Procedure"",
            ""INVALID_REASON"": ""V""
          },
          ""includeMapped"": false,
          ""includeDescendants"": true
        },
        {
          ""isExcluded"": false,
          ""concept"": {
            ""INVALID_REASON_CAPTION"": ""Valid"",
            ""CONCEPT_ID"": 4082996,
            ""STANDARD_CONCEPT"": ""S"",
            ""CONCEPT_CODE"": ""241688000"",
            ""VOCABULARY_ID"": ""SNOMED"",
            ""CONCEPT_NAME"": ""Intravenous induction of general anesthesia"",
            ""DOMAIN_ID"": ""Procedure"",
            ""STANDARD_CONCEPT_CAPTION"": ""Standard"",
            ""CONCEPT_CLASS_ID"": ""Procedure"",
            ""INVALID_REASON"": ""V""
          },
          ""includeMapped"": false,
          ""includeDescendants"": true
        },
        {
          ""isExcluded"": false,
          ""concept"": {
            ""INVALID_REASON_CAPTION"": ""Valid"",
            ""CONCEPT_ID"": 4086417,
            ""STANDARD_CONCEPT"": ""S"",
            ""CONCEPT_CODE"": ""241695009"",
            ""VOCABULARY_ID"": ""SNOMED"",
            ""CONCEPT_NAME"": ""Maintenance of general anesthesia"",
            ""DOMAIN_ID"": ""Procedure"",
            ""STANDARD_CONCEPT_CAPTION"": ""Standard"",
            ""CONCEPT_CLASS_ID"": ""Procedure"",
            ""INVALID_REASON"": ""V""
          },
          ""includeMapped"": false,
          ""includeDescendants"": true
        },
        {
          ""isExcluded"": false,
          ""concept"": {
            ""INVALID_REASON_CAPTION"": ""Valid"",
            ""CONCEPT_ID"": 4332593,
            ""STANDARD_CONCEPT"": ""S"",
            ""CONCEPT_CODE"": ""231249005"",
            ""VOCABULARY_ID"": ""SNOMED"",
            ""CONCEPT_NAME"": ""Spinal anesthesia"",
            ""DOMAIN_ID"": ""Procedure"",
            ""STANDARD_CONCEPT_CAPTION"": ""Standard"",
            ""CONCEPT_CLASS_ID"": ""Procedure"",
            ""INVALID_REASON"": ""V""
          },
          ""includeMapped"": false,
          ""includeDescendants"": true
        }
      ]},
      ""name"": ""[jm] gea_total"",
      ""id"": 5
    }
  ],
  ""EndStrategy"": {""DateOffset"": {
    ""DateField"": ""StartDate"",
    ""Offset"": 60
  }},
  ""cdmVersionRange"": "">=5.0.0"",
  ""CensoringCriteria"": [{""ProcedureOccurrence"": {
    ""ProcedureType"": null,
    ""CorrelatedCriteria"": null,
    ""CodesetId"": 5,
    ""ProcedureSourceConcept"": null,
    ""Quantity"": null,
    ""ProviderSpecialty"": null,
    ""Gender"": null,
    ""ProcedureTypeExclude"": false,
    ""VisitType"": null,
    ""First"": null,
    ""OccurrenceStartDate"": null,
    ""Modifier"": null,
    ""Age"": null
  }}],
  ""QualifiedLimit"": {""Type"": ""First""},
  ""InclusionRules"": [{
    ""expression"": {
      ""CriteriaList"": [{
        ""RestrictVisit"": false,
        ""StartWindow"": {
          ""UseEventEnd"": false,
          ""Start"": {
            ""Days"": 60,
            ""Coeff"": -1
          },
          ""End"": {
            ""Days"": 1,
            ""Coeff"": -1
          },
          ""UseIndexEnd"": false
        },
        ""IgnoreObservationPeriod"": false,
        ""EndWindow"": null,
        ""Criteria"": {""ProcedureOccurrence"": {
          ""ProcedureType"": null,
          ""CorrelatedCriteria"": null,
          ""CodesetId"": 5,
          ""ProcedureSourceConcept"": null,
          ""Quantity"": null,
          ""ProviderSpecialty"": null,
          ""Gender"": null,
          ""ProcedureTypeExclude"": false,
          ""VisitType"": null,
          ""First"": null,
          ""OccurrenceStartDate"": null,
          ""Modifier"": null,
          ""Age"": null
        }},
        ""Occurrence"": {
          ""Type"": 0,
          ""IsDistinct"": false,
          ""Count"": 0
        }
      }],
      ""Type"": ""ALL"",
      ""DemographicCriteriaList"": [],
      ""Groups"": [],
      ""Count"": null
    },
    ""name"": ""no surgery in 60 days "",
    ""description"": null
  }],
  ""PrimaryCriteria"": {
    ""CriteriaList"": [{""ProcedureOccurrence"": {
      ""ProcedureType"": null,
      ""CorrelatedCriteria"": {
        ""CriteriaList"": [
          {
            ""RestrictVisit"": false,
            ""StartWindow"": {
              ""UseEventEnd"": false,
              ""Start"": {
                ""Days"": 30,
                ""Coeff"": -1
              },
              ""End"": {
                ""Days"": 0,
                ""Coeff"": 1
              },
              ""UseIndexEnd"": false
            },
            ""IgnoreObservationPeriod"": false,
            ""EndWindow"": null,
            ""Criteria"": {""ConditionOccurrence"": {
              ""OccurrenceEndDate"": null,
              ""CorrelatedCriteria"": null,
              ""ConditionTypeExclude"": false,
              ""CodesetId"": 3,
              ""ProviderSpecialty"": null,
              ""Gender"": null,
              ""VisitType"": null,
              ""First"": null,
              ""OccurrenceStartDate"": null,
              ""ConditionType"": null,
              ""ConditionSourceConcept"": null,
              ""StopReason"": null,
              ""Age"": null
            }},
            ""Occurrence"": {
              ""Type"": 2,
              ""IsDistinct"": false,
              ""Count"": 1
            }
          },
          {
            ""RestrictVisit"": false,
            ""StartWindow"": {
              ""UseEventEnd"": false,
              ""Start"": {
                ""Days"": 0,
                ""Coeff"": -1
              },
              ""End"": {
                ""Days"": 0,
                ""Coeff"": 1
              },
              ""UseIndexEnd"": false
            },
            ""IgnoreObservationPeriod"": false,
            ""EndWindow"": null,
            ""Criteria"": {""ProcedureOccurrence"": {
              ""ProcedureType"": null,
              ""CorrelatedCriteria"": null,
              ""CodesetId"": 3,
              ""ProcedureSourceConcept"": null,
              ""Quantity"": null,
              ""ProviderSpecialty"": null,
              ""Gender"": null,
              ""ProcedureTypeExclude"": false,
              ""VisitType"": null,
              ""First"": null,
              ""OccurrenceStartDate"": null,
              ""Modifier"": null,
              ""Age"": null
            }},
            ""Occurrence"": {
              ""Type"": 2,
              ""IsDistinct"": false,
              ""Count"": 1
            }
          }
        ],
        ""Type"": ""ALL"",
        ""DemographicCriteriaList"": [],
        ""Groups"": [],
        ""Count"": null
      },
      ""CodesetId"": 1,
      ""ProcedureSourceConcept"": null,
      ""Quantity"": null,
      ""ProviderSpecialty"": null,
      ""Gender"": null,
      ""ProcedureTypeExclude"": false,
      ""VisitType"": null,
      ""First"": null,
      ""OccurrenceStartDate"": null,
      ""Modifier"": null,
      ""Age"": {
        ""Op"": ""gt"",
        ""Extent"": null,
        ""Value"": 49
      }
    }}],
    ""PrimaryCriteriaLimit"": {""Type"": ""First""},
    ""ObservationWindow"": {
      ""PostDays"": 0,
      ""PriorDays"": 1
    }
  }
}"
